ISO-10303-21;
HEADER;
/* Generated by software containing ST-Developer
 * from STEP Tools, Inc. (www.steptools.com) 
 */

FILE_DESCRIPTION(
/* description */ (''),
/* implementation_level */ '2;1');

FILE_NAME(
/* name */ 'Motor_Cover_LH.stp',
/* time_stamp */ '2026-08-28T15:30:37+09:00',
/* author */ ('dalbi'),
/* organization */ (''),
/* preprocessor_version */ 'ST-DEVELOPER v20',
/* originating_system */ 'Autodesk Inventor 2025',
/* authorisation */ '');

FILE_SCHEMA (('AUTOMOTIVE_DESIGN { 1 0 10303 214 3 1 1 }'));
ENDSEC;

DATA;
#10=MECHANICAL_DESIGN_GEOMETRIC_PRESENTATION_REPRESENTATION('',(#84,#85,
#86,#87,#88,#89,#90,#91,#92,#93,#94,#95,#96,#97,#98,#99,#100,#101,#102,
#103,#104,#105,#106,#107,#108,#109,#110,#111,#112,#113,#114,#115,#116,#117,
#118,#119,#120,#121,#122,#123,#124,#125,#126,#127,#128,#129,#130),#2347);
#11=SHAPE_REPRESENTATION_RELATIONSHIP('SRR','None',#2354,#12);
#12=ADVANCED_BREP_SHAPE_REPRESENTATION('',(#13),#2346);
#13=MANIFOLD_SOLID_BREP('\X2\C194B9ACB4DC\X0\1',#1432);
#14=CYLINDRICAL_SURFACE('',#1473,6.);
#15=CYLINDRICAL_SURFACE('',#1476,6.);
#16=CYLINDRICAL_SURFACE('',#1484,22.);
#17=CYLINDRICAL_SURFACE('',#1503,5.49999999999999);
#18=CYLINDRICAL_SURFACE('',#1506,5.49999999999999);
#19=CYLINDRICAL_SURFACE('',#1523,4.5);
#20=CYLINDRICAL_SURFACE('',#1527,4.5);
#21=CYLINDRICAL_SURFACE('',#1534,4.5);
#22=CYLINDRICAL_SURFACE('',#1538,4.5);
#23=CYLINDRICAL_SURFACE('',#1545,3.);
#24=CYLINDRICAL_SURFACE('',#1547,3.);
#25=CYLINDRICAL_SURFACE('',#1549,3.);
#26=CYLINDRICAL_SURFACE('',#1552,3.);
#27=CYLINDRICAL_SURFACE('',#1553,2.5);
#28=CYLINDRICAL_SURFACE('',#1558,2.5);
#29=CYLINDRICAL_SURFACE('',#1561,24.);
#30=FACE_BOUND('',#202,.T.);
#31=FACE_BOUND('',#203,.T.);
#32=FACE_BOUND('',#204,.T.);
#33=FACE_BOUND('',#205,.T.);
#34=FACE_BOUND('',#245,.T.);
#35=FACE_BOUND('',#251,.T.);
#36=FACE_BOUND('',#262,.T.);
#37=FACE_BOUND('',#263,.T.);
#38=FACE_BOUND('',#272,.T.);
#39=FACE_BOUND('',#273,.T.);
#40=CIRCLE('',#1457,24.);
#41=CIRCLE('',#1459,24.);
#42=CIRCLE('',#1461,6.);
#43=CIRCLE('',#1462,6.);
#44=CIRCLE('',#1463,5.49999999999999);
#45=CIRCLE('',#1464,5.49999999999999);
#46=CIRCLE('',#1465,3.);
#47=CIRCLE('',#1466,3.);
#48=CIRCLE('',#1467,3.);
#49=CIRCLE('',#1468,3.);
#50=CIRCLE('',#1469,2.5);
#51=CIRCLE('',#1470,2.5);
#52=CIRCLE('',#1472,24.);
#53=CIRCLE('',#1474,6.00000000000005);
#54=CIRCLE('',#1477,6.00000000000001);
#55=CIRCLE('',#1479,22.);
#56=CIRCLE('',#1480,24.);
#57=CIRCLE('',#1485,22.);
#58=CIRCLE('',#1486,22.);
#59=CIRCLE('',#1487,22.);
#60=CIRCLE('',#1488,22.);
#61=CIRCLE('',#1489,22.);
#62=CIRCLE('',#1490,22.);
#63=CIRCLE('',#1491,22.);
#64=CIRCLE('',#1501,24.);
#65=CIRCLE('',#1504,5.49999999999999);
#66=CIRCLE('',#1507,5.49999999999999);
#67=CIRCLE('',#1511,24.);
#68=CIRCLE('',#1513,24.);
#69=CIRCLE('',#1516,24.);
#70=CIRCLE('',#1524,4.5);
#71=CIRCLE('',#1525,4.5);
#72=CIRCLE('',#1528,4.5);
#73=CIRCLE('',#1529,4.5);
#74=CIRCLE('',#1532,3.);
#75=CIRCLE('',#1533,3.);
#76=CIRCLE('',#1535,4.5);
#77=CIRCLE('',#1536,4.5);
#78=CIRCLE('',#1539,4.5);
#79=CIRCLE('',#1540,4.5);
#80=CIRCLE('',#1543,3.);
#81=CIRCLE('',#1544,3.);
#82=CIRCLE('',#1554,2.5);
#83=CIRCLE('',#1556,2.5);
#84=STYLED_ITEM('',(#2364),#1366);
#85=STYLED_ITEM('',(#2364),#1367);
#86=STYLED_ITEM('',(#2364),#1368);
#87=STYLED_ITEM('',(#2364),#1369);
#88=STYLED_ITEM('',(#2364),#1370);
#89=STYLED_ITEM('',(#2364),#1371);
#90=STYLED_ITEM('',(#2364),#1372);
#91=STYLED_ITEM('',(#2364),#1377);
#92=STYLED_ITEM('',(#2364),#1378);
#93=STYLED_ITEM('',(#2364),#1385);
#94=STYLED_ITEM('',(#2364),#1387);
#95=STYLED_ITEM('',(#2364),#1397);
#96=STYLED_ITEM('',(#2364),#1398);
#97=STYLED_ITEM('',(#2364),#1399);
#98=STYLED_ITEM('',(#2364),#1400);
#99=STYLED_ITEM('',(#2364),#1401);
#100=STYLED_ITEM('',(#2364),#1402);
#101=STYLED_ITEM('',(#2364),#1403);
#102=STYLED_ITEM('',(#2364),#1404);
#103=STYLED_ITEM('',(#2364),#1405);
#104=STYLED_ITEM('',(#2364),#1406);
#105=STYLED_ITEM('',(#2364),#1407);
#106=STYLED_ITEM('',(#2364),#1408);
#107=STYLED_ITEM('',(#2364),#1409);
#108=STYLED_ITEM('',(#2364),#1410);
#109=STYLED_ITEM('',(#2364),#1411);
#110=STYLED_ITEM('',(#2364),#1412);
#111=STYLED_ITEM('',(#2364),#1413);
#112=STYLED_ITEM('',(#2364),#1414);
#113=STYLED_ITEM('',(#2364),#1415);
#114=STYLED_ITEM('',(#2364),#1416);
#115=STYLED_ITEM('',(#2364),#1417);
#116=STYLED_ITEM('',(#2364),#1418);
#117=STYLED_ITEM('',(#2364),#1419);
#118=STYLED_ITEM('',(#2364),#1420);
#119=STYLED_ITEM('',(#2364),#1421);
#120=STYLED_ITEM('',(#2364),#1422);
#121=STYLED_ITEM('',(#2364),#1423);
#122=STYLED_ITEM('',(#2364),#1424);
#123=STYLED_ITEM('',(#2364),#1425);
#124=STYLED_ITEM('',(#2364),#1426);
#125=STYLED_ITEM('',(#2364),#1427);
#126=STYLED_ITEM('',(#2364),#1428);
#127=STYLED_ITEM('',(#2364),#1429);
#128=STYLED_ITEM('',(#2364),#1430);
#129=STYLED_ITEM('',(#2364),#1431);
#130=STYLED_ITEM('',(#2363),#13);
#131=FACE_OUTER_BOUND('',#198,.T.);
#132=FACE_OUTER_BOUND('',#199,.T.);
#133=FACE_OUTER_BOUND('',#200,.T.);
#134=FACE_OUTER_BOUND('',#201,.T.);
#135=FACE_OUTER_BOUND('',#206,.T.);
#136=FACE_OUTER_BOUND('',#207,.T.);
#137=FACE_OUTER_BOUND('',#208,.T.);
#138=FACE_OUTER_BOUND('',#209,.T.);
#139=FACE_OUTER_BOUND('',#210,.T.);
#140=FACE_OUTER_BOUND('',#211,.T.);
#141=FACE_OUTER_BOUND('',#212,.T.);
#142=FACE_OUTER_BOUND('',#213,.T.);
#143=FACE_OUTER_BOUND('',#214,.T.);
#144=FACE_OUTER_BOUND('',#215,.T.);
#145=FACE_OUTER_BOUND('',#216,.T.);
#146=FACE_OUTER_BOUND('',#217,.T.);
#147=FACE_OUTER_BOUND('',#218,.T.);
#148=FACE_OUTER_BOUND('',#219,.T.);
#149=FACE_OUTER_BOUND('',#220,.T.);
#150=FACE_OUTER_BOUND('',#221,.T.);
#151=FACE_OUTER_BOUND('',#222,.T.);
#152=FACE_OUTER_BOUND('',#223,.T.);
#153=FACE_OUTER_BOUND('',#224,.T.);
#154=FACE_OUTER_BOUND('',#225,.T.);
#155=FACE_OUTER_BOUND('',#226,.T.);
#156=FACE_OUTER_BOUND('',#227,.T.);
#157=FACE_OUTER_BOUND('',#228,.T.);
#158=FACE_OUTER_BOUND('',#229,.T.);
#159=FACE_OUTER_BOUND('',#230,.T.);
#160=FACE_OUTER_BOUND('',#231,.T.);
#161=FACE_OUTER_BOUND('',#232,.T.);
#162=FACE_OUTER_BOUND('',#233,.T.);
#163=FACE_OUTER_BOUND('',#234,.T.);
#164=FACE_OUTER_BOUND('',#235,.T.);
#165=FACE_OUTER_BOUND('',#236,.T.);
#166=FACE_OUTER_BOUND('',#237,.T.);
#167=FACE_OUTER_BOUND('',#238,.T.);
#168=FACE_OUTER_BOUND('',#239,.T.);
#169=FACE_OUTER_BOUND('',#240,.T.);
#170=FACE_OUTER_BOUND('',#241,.T.);
#171=FACE_OUTER_BOUND('',#242,.T.);
#172=FACE_OUTER_BOUND('',#243,.T.);
#173=FACE_OUTER_BOUND('',#244,.T.);
#174=FACE_OUTER_BOUND('',#246,.T.);
#175=FACE_OUTER_BOUND('',#247,.T.);
#176=FACE_OUTER_BOUND('',#248,.T.);
#177=FACE_OUTER_BOUND('',#249,.T.);
#178=FACE_OUTER_BOUND('',#250,.T.);
#179=FACE_OUTER_BOUND('',#252,.T.);
#180=FACE_OUTER_BOUND('',#253,.T.);
#181=FACE_OUTER_BOUND('',#254,.T.);
#182=FACE_OUTER_BOUND('',#255,.T.);
#183=FACE_OUTER_BOUND('',#256,.T.);
#184=FACE_OUTER_BOUND('',#257,.T.);
#185=FACE_OUTER_BOUND('',#258,.T.);
#186=FACE_OUTER_BOUND('',#259,.T.);
#187=FACE_OUTER_BOUND('',#260,.T.);
#188=FACE_OUTER_BOUND('',#261,.T.);
#189=FACE_OUTER_BOUND('',#264,.T.);
#190=FACE_OUTER_BOUND('',#265,.T.);
#191=FACE_OUTER_BOUND('',#266,.T.);
#192=FACE_OUTER_BOUND('',#267,.T.);
#193=FACE_OUTER_BOUND('',#268,.T.);
#194=FACE_OUTER_BOUND('',#269,.T.);
#195=FACE_OUTER_BOUND('',#270,.T.);
#196=FACE_OUTER_BOUND('',#271,.T.);
#197=FACE_OUTER_BOUND('',#274,.T.);
#198=EDGE_LOOP('',(#916,#917,#918,#919));
#199=EDGE_LOOP('',(#920,#921,#922,#923,#924,#925,#926,#927,#928));
#200=EDGE_LOOP('',(#929,#930,#931,#932,#933,#934,#935));
#201=EDGE_LOOP('',(#936,#937,#938,#939,#940,#941,#942,#943,#944,#945,#946,
#947,#948,#949,#950,#951,#952,#953,#954,#955));
#202=EDGE_LOOP('',(#956,#957,#958,#959));
#203=EDGE_LOOP('',(#960,#961,#962,#963));
#204=EDGE_LOOP('',(#964));
#205=EDGE_LOOP('',(#965));
#206=EDGE_LOOP('',(#966,#967,#968,#969,#970,#971,#972,#973,#974,#975));
#207=EDGE_LOOP('',(#976,#977,#978,#979));
#208=EDGE_LOOP('',(#980,#981,#982,#983));
#209=EDGE_LOOP('',(#984,#985,#986,#987));
#210=EDGE_LOOP('',(#988,#989,#990,#991));
#211=EDGE_LOOP('',(#992,#993,#994,#995,#996,#997));
#212=EDGE_LOOP('',(#998,#999,#1000,#1001));
#213=EDGE_LOOP('',(#1002,#1003,#1004,#1005,#1006,#1007));
#214=EDGE_LOOP('',(#1008,#1009,#1010,#1011,#1012,#1013,#1014,#1015,#1016,
#1017,#1018,#1019,#1020,#1021,#1022,#1023));
#215=EDGE_LOOP('',(#1024,#1025,#1026,#1027,#1028,#1029));
#216=EDGE_LOOP('',(#1030,#1031,#1032,#1033,#1034,#1035));
#217=EDGE_LOOP('',(#1036,#1037,#1038,#1039,#1040,#1041));
#218=EDGE_LOOP('',(#1042,#1043,#1044,#1045));
#219=EDGE_LOOP('',(#1046,#1047,#1048,#1049,#1050,#1051));
#220=EDGE_LOOP('',(#1052,#1053,#1054,#1055));
#221=EDGE_LOOP('',(#1056,#1057,#1058,#1059,#1060,#1061));
#222=EDGE_LOOP('',(#1062,#1063,#1064,#1065));
#223=EDGE_LOOP('',(#1066,#1067,#1068,#1069,#1070,#1071,#1072));
#224=EDGE_LOOP('',(#1073,#1074,#1075,#1076,#1077,#1078));
#225=EDGE_LOOP('',(#1079,#1080,#1081,#1082));
#226=EDGE_LOOP('',(#1083,#1084,#1085,#1086));
#227=EDGE_LOOP('',(#1087,#1088,#1089,#1090));
#228=EDGE_LOOP('',(#1091,#1092,#1093,#1094));
#229=EDGE_LOOP('',(#1095,#1096,#1097,#1098));
#230=EDGE_LOOP('',(#1099,#1100,#1101,#1102,#1103,#1104));
#231=EDGE_LOOP('',(#1105,#1106,#1107,#1108,#1109,#1110));
#232=EDGE_LOOP('',(#1111,#1112,#1113,#1114));
#233=EDGE_LOOP('',(#1115,#1116,#1117,#1118,#1119,#1120,#1121,#1122,#1123));
#234=EDGE_LOOP('',(#1124,#1125,#1126,#1127));
#235=EDGE_LOOP('',(#1128,#1129,#1130,#1131));
#236=EDGE_LOOP('',(#1132,#1133,#1134,#1135,#1136,#1137));
#237=EDGE_LOOP('',(#1138,#1139,#1140,#1141));
#238=EDGE_LOOP('',(#1142,#1143,#1144,#1145));
#239=EDGE_LOOP('',(#1146,#1147,#1148,#1149,#1150,#1151,#1152,#1153));
#240=EDGE_LOOP('',(#1154,#1155,#1156,#1157));
#241=EDGE_LOOP('',(#1158,#1159,#1160,#1161));
#242=EDGE_LOOP('',(#1162,#1163,#1164,#1165));
#243=EDGE_LOOP('',(#1166,#1167,#1168,#1169));
#244=EDGE_LOOP('',(#1170,#1171,#1172,#1173));
#245=EDGE_LOOP('',(#1174,#1175,#1176,#1177));
#246=EDGE_LOOP('',(#1178,#1179,#1180,#1181));
#247=EDGE_LOOP('',(#1182,#1183,#1184,#1185));
#248=EDGE_LOOP('',(#1186,#1187,#1188,#1189));
#249=EDGE_LOOP('',(#1190,#1191,#1192,#1193));
#250=EDGE_LOOP('',(#1194,#1195,#1196,#1197));
#251=EDGE_LOOP('',(#1198,#1199,#1200,#1201));
#252=EDGE_LOOP('',(#1202,#1203,#1204,#1205));
#253=EDGE_LOOP('',(#1206,#1207,#1208,#1209));
#254=EDGE_LOOP('',(#1210,#1211,#1212,#1213));
#255=EDGE_LOOP('',(#1214,#1215,#1216,#1217));
#256=EDGE_LOOP('',(#1218,#1219,#1220,#1221));
#257=EDGE_LOOP('',(#1222,#1223,#1224,#1225));
#258=EDGE_LOOP('',(#1226,#1227,#1228,#1229));
#259=EDGE_LOOP('',(#1230,#1231,#1232,#1233));
#260=EDGE_LOOP('',(#1234,#1235,#1236,#1237));
#261=EDGE_LOOP('',(#1238,#1239,#1240,#1241,#1242,#1243));
#262=EDGE_LOOP('',(#1244));
#263=EDGE_LOOP('',(#1245));
#264=EDGE_LOOP('',(#1246,#1247,#1248,#1249));
#265=EDGE_LOOP('',(#1250,#1251,#1252,#1253));
#266=EDGE_LOOP('',(#1254,#1255,#1256,#1257,#1258,#1259));
#267=EDGE_LOOP('',(#1260,#1261,#1262,#1263,#1264,#1265,#1266,#1267));
#268=EDGE_LOOP('',(#1268,#1269,#1270,#1271,#1272,#1273,#1274,#1275,#1276,
#1277,#1278,#1279,#1280,#1281,#1282,#1283));
#269=EDGE_LOOP('',(#1284,#1285,#1286,#1287));
#270=EDGE_LOOP('',(#1288,#1289,#1290,#1291,#1292,#1293));
#271=EDGE_LOOP('',(#1294,#1295,#1296,#1297,#1298,#1299));
#272=EDGE_LOOP('',(#1300,#1301,#1302,#1303));
#273=EDGE_LOOP('',(#1304,#1305,#1306,#1307));
#274=EDGE_LOOP('',(#1308,#1309,#1310,#1311,#1312,#1313));
#275=LINE('',#1949,#430);
#276=LINE('',#1951,#431);
#277=LINE('',#1953,#432);
#278=LINE('',#1954,#433);
#279=LINE('',#1957,#434);
#280=LINE('',#1959,#435);
#281=LINE('',#1963,#436);
#282=LINE('',#1965,#437);
#283=LINE('',#1967,#438);
#284=LINE('',#1969,#439);
#285=LINE('',#1970,#440);
#286=LINE('',#1974,#441);
#287=LINE('',#1976,#442);
#288=LINE('',#1978,#443);
#289=LINE('',#1980,#444);
#290=LINE('',#1982,#445);
#291=LINE('',#1984,#446);
#292=LINE('',#1990,#447);
#293=LINE('',#1994,#448);
#294=LINE('',#1998,#449);
#295=LINE('',#2001,#450);
#296=LINE('',#2003,#451);
#297=LINE('',#2005,#452);
#298=LINE('',#2007,#453);
#299=LINE('',#2009,#454);
#300=LINE('',#2011,#455);
#301=LINE('',#2013,#456);
#302=LINE('',#2015,#457);
#303=LINE('',#2017,#458);
#304=LINE('',#2018,#459);
#305=LINE('',#2023,#460);
#306=LINE('',#2026,#461);
#307=LINE('',#2029,#462);
#308=LINE('',#2033,#463);
#309=LINE('',#2041,#464);
#310=LINE('',#2043,#465);
#311=LINE('',#2045,#466);
#312=LINE('',#2047,#467);
#313=LINE('',#2051,#468);
#314=LINE('',#2053,#469);
#315=LINE('',#2055,#470);
#316=LINE('',#2056,#471);
#317=LINE('',#2059,#472);
#318=LINE('',#2063,#473);
#319=LINE('',#2064,#474);
#320=LINE('',#2072,#475);
#321=LINE('',#2075,#476);
#322=LINE('',#2078,#477);
#323=LINE('',#2079,#478);
#324=LINE('',#2081,#479);
#325=LINE('',#2082,#480);
#326=LINE('',#2084,#481);
#327=LINE('',#2086,#482);
#328=LINE('',#2088,#483);
#329=LINE('',#2089,#484);
#330=LINE('',#2094,#485);
#331=LINE('',#2098,#486);
#332=LINE('',#2102,#487);
#333=LINE('',#2106,#488);
#334=LINE('',#2110,#489);
#335=LINE('',#2114,#490);
#336=LINE('',#2117,#491);
#337=LINE('',#2120,#492);
#338=LINE('',#2122,#493);
#339=LINE('',#2124,#494);
#340=LINE('',#2126,#495);
#341=LINE('',#2127,#496);
#342=LINE('',#2130,#497);
#343=LINE('',#2132,#498);
#344=LINE('',#2134,#499);
#345=LINE('',#2136,#500);
#346=LINE('',#2137,#501);
#347=LINE('',#2139,#502);
#348=LINE('',#2142,#503);
#349=LINE('',#2144,#504);
#350=LINE('',#2145,#505);
#351=LINE('',#2148,#506);
#352=LINE('',#2150,#507);
#353=LINE('',#2151,#508);
#354=LINE('',#2154,#509);
#355=LINE('',#2156,#510);
#356=LINE('',#2157,#511);
#357=LINE('',#2160,#512);
#358=LINE('',#2161,#513);
#359=LINE('',#2163,#514);
#360=LINE('',#2165,#515);
#361=LINE('',#2168,#516);
#362=LINE('',#2171,#517);
#363=LINE('',#2172,#518);
#364=LINE('',#2176,#519);
#365=LINE('',#2179,#520);
#366=LINE('',#2180,#521);
#367=LINE('',#2186,#522);
#368=LINE('',#2188,#523);
#369=LINE('',#2190,#524);
#370=LINE('',#2191,#525);
#371=LINE('',#2194,#526);
#372=LINE('',#2196,#527);
#373=LINE('',#2197,#528);
#374=LINE('',#2199,#529);
#375=LINE('',#2201,#530);
#376=LINE('',#2206,#531);
#377=LINE('',#2207,#532);
#378=LINE('',#2210,#533);
#379=LINE('',#2211,#534);
#380=LINE('',#2216,#535);
#381=LINE('',#2218,#536);
#382=LINE('',#2219,#537);
#383=LINE('',#2220,#538);
#384=LINE('',#2222,#539);
#385=LINE('',#2223,#540);
#386=LINE('',#2226,#541);
#387=LINE('',#2227,#542);
#388=LINE('',#2230,#543);
#389=LINE('',#2231,#544);
#390=LINE('',#2233,#545);
#391=LINE('',#2235,#546);
#392=LINE('',#2237,#547);
#393=LINE('',#2238,#548);
#394=LINE('',#2239,#549);
#395=LINE('',#2245,#550);
#396=LINE('',#2248,#551);
#397=LINE('',#2251,#552);
#398=LINE('',#2253,#553);
#399=LINE('',#2254,#554);
#400=LINE('',#2259,#555);
#401=LINE('',#2262,#556);
#402=LINE('',#2263,#557);
#403=LINE('',#2267,#558);
#404=LINE('',#2271,#559);
#405=LINE('',#2278,#560);
#406=LINE('',#2281,#561);
#407=LINE('',#2284,#562);
#408=LINE('',#2286,#563);
#409=LINE('',#2287,#564);
#410=LINE('',#2292,#565);
#411=LINE('',#2295,#566);
#412=LINE('',#2296,#567);
#413=LINE('',#2300,#568);
#414=LINE('',#2304,#569);
#415=LINE('',#2307,#570);
#416=LINE('',#2308,#571);
#417=LINE('',#2310,#572);
#418=LINE('',#2312,#573);
#419=LINE('',#2313,#574);
#420=LINE('',#2315,#575);
#421=LINE('',#2317,#576);
#422=LINE('',#2320,#577);
#423=LINE('',#2325,#578);
#424=LINE('',#2327,#579);
#425=LINE('',#2332,#580);
#426=LINE('',#2334,#581);
#427=LINE('',#2337,#582);
#428=LINE('',#2339,#583);
#429=LINE('',#2341,#584);
#430=VECTOR('',#1570,10.);
#431=VECTOR('',#1571,10.);
#432=VECTOR('',#1572,10.);
#433=VECTOR('',#1573,10.);
#434=VECTOR('',#1576,10.);
#435=VECTOR('',#1577,10.);
#436=VECTOR('',#1580,1.);
#437=VECTOR('',#1581,1.00000000000064);
#438=VECTOR('',#1582,1.);
#439=VECTOR('',#1583,1.);
#440=VECTOR('',#1584,10.);
#441=VECTOR('',#1587,10.);
#442=VECTOR('',#1588,10.);
#443=VECTOR('',#1589,10.);
#444=VECTOR('',#1590,1.);
#445=VECTOR('',#1591,1.00000000000064);
#446=VECTOR('',#1592,1.);
#447=VECTOR('',#1599,10.);
#448=VECTOR('',#1602,10.);
#449=VECTOR('',#1605,10.);
#450=VECTOR('',#1608,10.);
#451=VECTOR('',#1609,10.);
#452=VECTOR('',#1610,10.);
#453=VECTOR('',#1611,10.);
#454=VECTOR('',#1612,10.);
#455=VECTOR('',#1613,10.);
#456=VECTOR('',#1614,10.);
#457=VECTOR('',#1615,10.);
#458=VECTOR('',#1616,10.);
#459=VECTOR('',#1617,10.);
#460=VECTOR('',#1620,10.);
#461=VECTOR('',#1623,10.);
#462=VECTOR('',#1624,10.);
#463=VECTOR('',#1627,10.);
#464=VECTOR('',#1636,1.);
#465=VECTOR('',#1637,1.);
#466=VECTOR('',#1638,1.00000000000064);
#467=VECTOR('',#1639,1.);
#468=VECTOR('',#1642,1.);
#469=VECTOR('',#1643,1.00000000000064);
#470=VECTOR('',#1644,1.);
#471=VECTOR('',#1645,10.);
#472=VECTOR('',#1648,1.);
#473=VECTOR('',#1653,1.);
#474=VECTOR('',#1654,1.);
#475=VECTOR('',#1663,10.);
#476=VECTOR('',#1666,10.);
#477=VECTOR('',#1669,10.);
#478=VECTOR('',#1670,10.);
#479=VECTOR('',#1671,10.);
#480=VECTOR('',#1672,10.);
#481=VECTOR('',#1675,10.);
#482=VECTOR('',#1678,10.);
#483=VECTOR('',#1679,10.);
#484=VECTOR('',#1680,10.);
#485=VECTOR('',#1685,1.);
#486=VECTOR('',#1688,10.);
#487=VECTOR('',#1691,1.);
#488=VECTOR('',#1694,1.);
#489=VECTOR('',#1697,10.);
#490=VECTOR('',#1700,1.);
#491=VECTOR('',#1705,1.);
#492=VECTOR('',#1708,10.);
#493=VECTOR('',#1709,10.);
#494=VECTOR('',#1710,10.);
#495=VECTOR('',#1711,10.);
#496=VECTOR('',#1712,10.);
#497=VECTOR('',#1715,10.);
#498=VECTOR('',#1716,10.);
#499=VECTOR('',#1717,10.);
#500=VECTOR('',#1718,10.);
#501=VECTOR('',#1719,10.);
#502=VECTOR('',#1722,10.);
#503=VECTOR('',#1725,10.);
#504=VECTOR('',#1726,10.);
#505=VECTOR('',#1727,10.);
#506=VECTOR('',#1730,10.);
#507=VECTOR('',#1731,10.);
#508=VECTOR('',#1732,10.);
#509=VECTOR('',#1735,10.);
#510=VECTOR('',#1736,1.);
#511=VECTOR('',#1737,10.);
#512=VECTOR('',#1740,1.);
#513=VECTOR('',#1741,10.);
#514=VECTOR('',#1744,10.);
#515=VECTOR('',#1745,10.);
#516=VECTOR('',#1748,10.);
#517=VECTOR('',#1751,1.);
#518=VECTOR('',#1752,1.);
#519=VECTOR('',#1757,10.);
#520=VECTOR('',#1760,10.);
#521=VECTOR('',#1761,10.);
#522=VECTOR('',#1768,10.);
#523=VECTOR('',#1769,10.);
#524=VECTOR('',#1770,10.);
#525=VECTOR('',#1771,10.);
#526=VECTOR('',#1774,10.);
#527=VECTOR('',#1775,10.);
#528=VECTOR('',#1776,10.);
#529=VECTOR('',#1779,10.);
#530=VECTOR('',#1780,10.);
#531=VECTOR('',#1787,10.);
#532=VECTOR('',#1788,10.);
#533=VECTOR('',#1791,10.);
#534=VECTOR('',#1792,10.);
#535=VECTOR('',#1797,10.);
#536=VECTOR('',#1798,10.);
#537=VECTOR('',#1799,10.);
#538=VECTOR('',#1800,10.);
#539=VECTOR('',#1803,1.);
#540=VECTOR('',#1804,1.);
#541=VECTOR('',#1807,1.);
#542=VECTOR('',#1808,1.);
#543=VECTOR('',#1811,10.);
#544=VECTOR('',#1812,1.);
#545=VECTOR('',#1815,1.);
#546=VECTOR('',#1818,1.);
#547=VECTOR('',#1821,1.);
#548=VECTOR('',#1822,1.);
#549=VECTOR('',#1823,1.);
#550=VECTOR('',#1828,10.);
#551=VECTOR('',#1831,10.);
#552=VECTOR('',#1834,10.);
#553=VECTOR('',#1835,10.);
#554=VECTOR('',#1836,10.);
#555=VECTOR('',#1841,10.);
#556=VECTOR('',#1846,10.);
#557=VECTOR('',#1847,10.);
#558=VECTOR('',#1850,10.);
#559=VECTOR('',#1853,10.);
#560=VECTOR('',#1860,10.);
#561=VECTOR('',#1863,10.);
#562=VECTOR('',#1866,10.);
#563=VECTOR('',#1867,10.);
#564=VECTOR('',#1868,10.);
#565=VECTOR('',#1873,10.);
#566=VECTOR('',#1878,10.);
#567=VECTOR('',#1879,10.);
#568=VECTOR('',#1882,10.);
#569=VECTOR('',#1885,10.);
#570=VECTOR('',#1890,10.);
#571=VECTOR('',#1891,10.);
#572=VECTOR('',#1894,10.);
#573=VECTOR('',#1897,10.);
#574=VECTOR('',#1898,10.);
#575=VECTOR('',#1901,10.);
#576=VECTOR('',#1904,10.);
#577=VECTOR('',#1909,10.);
#578=VECTOR('',#1916,2.5);
#579=VECTOR('',#1919,1.);
#580=VECTOR('',#1926,2.5);
#581=VECTOR('',#1929,1.);
#582=VECTOR('',#1934,1.);
#583=VECTOR('',#1937,1.);
#584=VECTOR('',#1940,1.);
#585=VERTEX_POINT('',#1947);
#586=VERTEX_POINT('',#1948);
#587=VERTEX_POINT('',#1950);
#588=VERTEX_POINT('',#1952);
#589=VERTEX_POINT('',#1956);
#590=VERTEX_POINT('',#1958);
#591=VERTEX_POINT('',#1960);
#592=VERTEX_POINT('',#1962);
#593=VERTEX_POINT('',#1964);
#594=VERTEX_POINT('',#1966);
#595=VERTEX_POINT('',#1968);
#596=VERTEX_POINT('',#1972);
#597=VERTEX_POINT('',#1973);
#598=VERTEX_POINT('',#1975);
#599=VERTEX_POINT('',#1977);
#600=VERTEX_POINT('',#1979);
#601=VERTEX_POINT('',#1981);
#602=VERTEX_POINT('',#1983);
#603=VERTEX_POINT('',#1987);
#604=VERTEX_POINT('',#1989);
#605=VERTEX_POINT('',#1991);
#606=VERTEX_POINT('',#1993);
#607=VERTEX_POINT('',#1995);
#608=VERTEX_POINT('',#1997);
#609=VERTEX_POINT('',#2000);
#610=VERTEX_POINT('',#2002);
#611=VERTEX_POINT('',#2004);
#612=VERTEX_POINT('',#2006);
#613=VERTEX_POINT('',#2008);
#614=VERTEX_POINT('',#2010);
#615=VERTEX_POINT('',#2012);
#616=VERTEX_POINT('',#2014);
#617=VERTEX_POINT('',#2016);
#618=VERTEX_POINT('',#2019);
#619=VERTEX_POINT('',#2020);
#620=VERTEX_POINT('',#2022);
#621=VERTEX_POINT('',#2024);
#622=VERTEX_POINT('',#2027);
#623=VERTEX_POINT('',#2028);
#624=VERTEX_POINT('',#2030);
#625=VERTEX_POINT('',#2032);
#626=VERTEX_POINT('',#2035);
#627=VERTEX_POINT('',#2037);
#628=VERTEX_POINT('',#2040);
#629=VERTEX_POINT('',#2042);
#630=VERTEX_POINT('',#2044);
#631=VERTEX_POINT('',#2046);
#632=VERTEX_POINT('',#2048);
#633=VERTEX_POINT('',#2050);
#634=VERTEX_POINT('',#2052);
#635=VERTEX_POINT('',#2054);
#636=VERTEX_POINT('',#2058);
#637=VERTEX_POINT('',#2062);
#638=VERTEX_POINT('',#2068);
#639=VERTEX_POINT('',#2069);
#640=VERTEX_POINT('',#2071);
#641=VERTEX_POINT('',#2073);
#642=VERTEX_POINT('',#2077);
#643=VERTEX_POINT('',#2080);
#644=VERTEX_POINT('',#2087);
#645=VERTEX_POINT('',#2091);
#646=VERTEX_POINT('',#2093);
#647=VERTEX_POINT('',#2095);
#648=VERTEX_POINT('',#2097);
#649=VERTEX_POINT('',#2099);
#650=VERTEX_POINT('',#2101);
#651=VERTEX_POINT('',#2103);
#652=VERTEX_POINT('',#2105);
#653=VERTEX_POINT('',#2107);
#654=VERTEX_POINT('',#2109);
#655=VERTEX_POINT('',#2111);
#656=VERTEX_POINT('',#2113);
#657=VERTEX_POINT('',#2119);
#658=VERTEX_POINT('',#2121);
#659=VERTEX_POINT('',#2123);
#660=VERTEX_POINT('',#2125);
#661=VERTEX_POINT('',#2129);
#662=VERTEX_POINT('',#2131);
#663=VERTEX_POINT('',#2133);
#664=VERTEX_POINT('',#2135);
#665=VERTEX_POINT('',#2141);
#666=VERTEX_POINT('',#2143);
#667=VERTEX_POINT('',#2147);
#668=VERTEX_POINT('',#2149);
#669=VERTEX_POINT('',#2153);
#670=VERTEX_POINT('',#2155);
#671=VERTEX_POINT('',#2159);
#672=VERTEX_POINT('',#2164);
#673=VERTEX_POINT('',#2166);
#674=VERTEX_POINT('',#2170);
#675=VERTEX_POINT('',#2174);
#676=VERTEX_POINT('',#2178);
#677=VERTEX_POINT('',#2184);
#678=VERTEX_POINT('',#2185);
#679=VERTEX_POINT('',#2187);
#680=VERTEX_POINT('',#2189);
#681=VERTEX_POINT('',#2193);
#682=VERTEX_POINT('',#2195);
#683=VERTEX_POINT('',#2200);
#684=VERTEX_POINT('',#2204);
#685=VERTEX_POINT('',#2209);
#686=VERTEX_POINT('',#2213);
#687=VERTEX_POINT('',#2215);
#688=VERTEX_POINT('',#2217);
#689=VERTEX_POINT('',#2225);
#690=VERTEX_POINT('',#2229);
#691=VERTEX_POINT('',#2241);
#692=VERTEX_POINT('',#2242);
#693=VERTEX_POINT('',#2244);
#694=VERTEX_POINT('',#2246);
#695=VERTEX_POINT('',#2250);
#696=VERTEX_POINT('',#2252);
#697=VERTEX_POINT('',#2256);
#698=VERTEX_POINT('',#2258);
#699=VERTEX_POINT('',#2265);
#700=VERTEX_POINT('',#2266);
#701=VERTEX_POINT('',#2268);
#702=VERTEX_POINT('',#2270);
#703=VERTEX_POINT('',#2274);
#704=VERTEX_POINT('',#2275);
#705=VERTEX_POINT('',#2277);
#706=VERTEX_POINT('',#2279);
#707=VERTEX_POINT('',#2283);
#708=VERTEX_POINT('',#2285);
#709=VERTEX_POINT('',#2289);
#710=VERTEX_POINT('',#2291);
#711=VERTEX_POINT('',#2298);
#712=VERTEX_POINT('',#2299);
#713=VERTEX_POINT('',#2301);
#714=VERTEX_POINT('',#2303);
#715=VERTEX_POINT('',#2323);
#716=VERTEX_POINT('',#2328);
#717=EDGE_CURVE('',#585,#586,#275,.T.);
#718=EDGE_CURVE('',#587,#585,#276,.T.);
#719=EDGE_CURVE('',#588,#587,#277,.T.);
#720=EDGE_CURVE('',#586,#588,#278,.T.);
#721=EDGE_CURVE('',#587,#589,#279,.T.);
#722=EDGE_CURVE('',#589,#590,#280,.T.);
#723=EDGE_CURVE('',#591,#590,#40,.T.);
#724=EDGE_CURVE('',#592,#591,#281,.T.);
#725=EDGE_CURVE('',#592,#593,#282,.F.);
#726=EDGE_CURVE('',#593,#594,#283,.T.);
#727=EDGE_CURVE('',#594,#595,#284,.T.);
#728=EDGE_CURVE('',#595,#588,#285,.T.);
#729=EDGE_CURVE('',#596,#597,#286,.T.);
#730=EDGE_CURVE('',#597,#598,#287,.T.);
#731=EDGE_CURVE('',#599,#598,#288,.T.);
#732=EDGE_CURVE('',#599,#600,#289,.T.);
#733=EDGE_CURVE('',#600,#601,#290,.F.);
#734=EDGE_CURVE('',#601,#602,#291,.T.);
#735=EDGE_CURVE('',#596,#602,#41,.T.);
#736=EDGE_CURVE('',#603,#595,#42,.T.);
#737=EDGE_CURVE('',#604,#603,#292,.T.);
#738=EDGE_CURVE('',#605,#604,#43,.T.);
#739=EDGE_CURVE('',#606,#605,#293,.T.);
#740=EDGE_CURVE('',#606,#607,#44,.T.);
#741=EDGE_CURVE('',#607,#608,#294,.T.);
#742=EDGE_CURVE('',#608,#598,#45,.T.);
#743=EDGE_CURVE('',#597,#609,#295,.T.);
#744=EDGE_CURVE('',#610,#609,#296,.T.);
#745=EDGE_CURVE('',#610,#611,#297,.T.);
#746=EDGE_CURVE('',#611,#612,#298,.T.);
#747=EDGE_CURVE('',#612,#613,#299,.T.);
#748=EDGE_CURVE('',#613,#614,#300,.T.);
#749=EDGE_CURVE('',#614,#615,#301,.T.);
#750=EDGE_CURVE('',#616,#615,#302,.T.);
#751=EDGE_CURVE('',#617,#616,#303,.T.);
#752=EDGE_CURVE('',#586,#617,#304,.T.);
#753=EDGE_CURVE('',#618,#619,#46,.T.);
#754=EDGE_CURVE('',#619,#620,#305,.T.);
#755=EDGE_CURVE('',#620,#621,#47,.T.);
#756=EDGE_CURVE('',#621,#618,#306,.T.);
#757=EDGE_CURVE('',#622,#623,#307,.T.);
#758=EDGE_CURVE('',#623,#624,#48,.T.);
#759=EDGE_CURVE('',#624,#625,#308,.T.);
#760=EDGE_CURVE('',#625,#622,#49,.T.);
#761=EDGE_CURVE('',#626,#626,#50,.T.);
#762=EDGE_CURVE('',#627,#627,#51,.T.);
#763=EDGE_CURVE('',#628,#605,#309,.T.);
#764=EDGE_CURVE('',#629,#628,#310,.T.);
#765=EDGE_CURVE('',#629,#630,#311,.F.);
#766=EDGE_CURVE('',#630,#631,#312,.T.);
#767=EDGE_CURVE('',#631,#632,#52,.T.);
#768=EDGE_CURVE('',#633,#632,#313,.T.);
#769=EDGE_CURVE('',#633,#634,#314,.F.);
#770=EDGE_CURVE('',#635,#634,#315,.T.);
#771=EDGE_CURVE('',#635,#606,#316,.T.);
#772=EDGE_CURVE('',#636,#604,#317,.T.);
#773=EDGE_CURVE('',#636,#628,#53,.F.);
#774=EDGE_CURVE('',#637,#603,#318,.T.);
#775=EDGE_CURVE('',#636,#637,#319,.T.);
#776=EDGE_CURVE('',#594,#637,#54,.F.);
#777=EDGE_CURVE('',#638,#639,#55,.T.);
#778=EDGE_CURVE('',#640,#638,#320,.T.);
#779=EDGE_CURVE('',#641,#640,#56,.T.);
#780=EDGE_CURVE('',#639,#641,#321,.T.);
#781=EDGE_CURVE('',#639,#642,#322,.T.);
#782=EDGE_CURVE('',#590,#641,#323,.T.);
#783=EDGE_CURVE('',#589,#643,#324,.T.);
#784=EDGE_CURVE('',#642,#643,#325,.T.);
#785=EDGE_CURVE('',#643,#585,#326,.T.);
#786=EDGE_CURVE('',#640,#596,#327,.T.);
#787=EDGE_CURVE('',#644,#638,#328,.T.);
#788=EDGE_CURVE('',#609,#644,#329,.T.);
#789=EDGE_CURVE('',#645,#642,#57,.T.);
#790=EDGE_CURVE('',#645,#646,#330,.T.);
#791=EDGE_CURVE('',#646,#647,#58,.T.);
#792=EDGE_CURVE('',#647,#648,#331,.T.);
#793=EDGE_CURVE('',#648,#649,#59,.T.);
#794=EDGE_CURVE('',#649,#650,#332,.T.);
#795=EDGE_CURVE('',#650,#651,#60,.T.);
#796=EDGE_CURVE('',#652,#651,#333,.T.);
#797=EDGE_CURVE('',#652,#653,#61,.T.);
#798=EDGE_CURVE('',#653,#654,#334,.T.);
#799=EDGE_CURVE('',#654,#655,#62,.T.);
#800=EDGE_CURVE('',#656,#655,#335,.T.);
#801=EDGE_CURVE('',#644,#656,#63,.T.);
#802=EDGE_CURVE('',#617,#645,#336,.T.);
#803=EDGE_CURVE('',#614,#657,#337,.T.);
#804=EDGE_CURVE('',#613,#658,#338,.T.);
#805=EDGE_CURVE('',#658,#659,#339,.T.);
#806=EDGE_CURVE('',#660,#659,#340,.T.);
#807=EDGE_CURVE('',#657,#660,#341,.T.);
#808=EDGE_CURVE('',#659,#661,#342,.T.);
#809=EDGE_CURVE('',#662,#658,#343,.T.);
#810=EDGE_CURVE('',#663,#662,#344,.T.);
#811=EDGE_CURVE('',#664,#663,#345,.T.);
#812=EDGE_CURVE('',#661,#664,#346,.T.);
#813=EDGE_CURVE('',#612,#662,#347,.T.);
#814=EDGE_CURVE('',#665,#611,#348,.T.);
#815=EDGE_CURVE('',#666,#665,#349,.T.);
#816=EDGE_CURVE('',#663,#666,#350,.T.);
#817=EDGE_CURVE('',#660,#667,#351,.T.);
#818=EDGE_CURVE('',#668,#667,#352,.T.);
#819=EDGE_CURVE('',#657,#668,#353,.T.);
#820=EDGE_CURVE('',#669,#661,#354,.T.);
#821=EDGE_CURVE('',#669,#670,#355,.F.);
#822=EDGE_CURVE('',#667,#670,#356,.T.);
#823=EDGE_CURVE('',#610,#671,#357,.T.);
#824=EDGE_CURVE('',#665,#671,#358,.T.);
#825=EDGE_CURVE('',#655,#664,#359,.T.);
#826=EDGE_CURVE('',#654,#672,#360,.T.);
#827=EDGE_CURVE('',#673,#672,#64,.T.);
#828=EDGE_CURVE('',#669,#673,#361,.T.);
#829=EDGE_CURVE('',#674,#666,#362,.T.);
#830=EDGE_CURVE('',#674,#656,#363,.T.);
#831=EDGE_CURVE('',#675,#635,#65,.T.);
#832=EDGE_CURVE('',#675,#607,#364,.T.);
#833=EDGE_CURVE('',#676,#675,#365,.T.);
#834=EDGE_CURVE('',#676,#608,#366,.T.);
#835=EDGE_CURVE('',#599,#676,#66,.T.);
#836=EDGE_CURVE('',#677,#678,#367,.T.);
#837=EDGE_CURVE('',#679,#677,#368,.T.);
#838=EDGE_CURVE('',#680,#679,#369,.T.);
#839=EDGE_CURVE('',#680,#678,#370,.T.);
#840=EDGE_CURVE('',#681,#647,#371,.T.);
#841=EDGE_CURVE('',#682,#681,#372,.T.);
#842=EDGE_CURVE('',#682,#648,#373,.T.);
#843=EDGE_CURVE('',#678,#646,#374,.T.);
#844=EDGE_CURVE('',#683,#680,#375,.T.);
#845=EDGE_CURVE('',#681,#683,#67,.T.);
#846=EDGE_CURVE('',#684,#682,#68,.T.);
#847=EDGE_CURVE('',#679,#684,#376,.T.);
#848=EDGE_CURVE('',#649,#677,#377,.T.);
#849=EDGE_CURVE('',#672,#685,#378,.T.);
#850=EDGE_CURVE('',#653,#685,#379,.T.);
#851=EDGE_CURVE('',#685,#686,#69,.T.);
#852=EDGE_CURVE('',#687,#652,#380,.T.);
#853=EDGE_CURVE('',#688,#687,#381,.T.);
#854=EDGE_CURVE('',#668,#688,#382,.T.);
#855=EDGE_CURVE('',#686,#670,#383,.T.);
#856=EDGE_CURVE('',#602,#673,#384,.T.);
#857=EDGE_CURVE('',#601,#669,#385,.F.);
#858=EDGE_CURVE('',#689,#651,#386,.F.);
#859=EDGE_CURVE('',#687,#689,#387,.T.);
#860=EDGE_CURVE('',#690,#688,#388,.T.);
#861=EDGE_CURVE('',#615,#690,#389,.T.);
#862=EDGE_CURVE('',#690,#689,#390,.F.);
#863=EDGE_CURVE('',#671,#674,#391,.T.);
#864=EDGE_CURVE('',#684,#631,#392,.T.);
#865=EDGE_CURVE('',#592,#630,#393,.F.);
#866=EDGE_CURVE('',#591,#683,#394,.T.);
#867=EDGE_CURVE('',#691,#692,#70,.T.);
#868=EDGE_CURVE('',#691,#693,#395,.T.);
#869=EDGE_CURVE('',#693,#694,#71,.T.);
#870=EDGE_CURVE('',#692,#694,#396,.T.);
#871=EDGE_CURVE('',#695,#691,#397,.T.);
#872=EDGE_CURVE('',#695,#696,#398,.T.);
#873=EDGE_CURVE('',#696,#693,#399,.T.);
#874=EDGE_CURVE('',#697,#695,#72,.T.);
#875=EDGE_CURVE('',#697,#698,#400,.T.);
#876=EDGE_CURVE('',#698,#696,#73,.T.);
#877=EDGE_CURVE('',#692,#697,#401,.T.);
#878=EDGE_CURVE('',#694,#698,#402,.T.);
#879=EDGE_CURVE('',#699,#700,#403,.T.);
#880=EDGE_CURVE('',#701,#699,#74,.T.);
#881=EDGE_CURVE('',#702,#701,#404,.T.);
#882=EDGE_CURVE('',#700,#702,#75,.T.);
#883=EDGE_CURVE('',#703,#704,#76,.T.);
#884=EDGE_CURVE('',#703,#705,#405,.T.);
#885=EDGE_CURVE('',#705,#706,#77,.T.);
#886=EDGE_CURVE('',#704,#706,#406,.T.);
#887=EDGE_CURVE('',#707,#703,#407,.T.);
#888=EDGE_CURVE('',#707,#708,#408,.T.);
#889=EDGE_CURVE('',#708,#705,#409,.T.);
#890=EDGE_CURVE('',#709,#707,#78,.T.);
#891=EDGE_CURVE('',#709,#710,#410,.T.);
#892=EDGE_CURVE('',#710,#708,#79,.T.);
#893=EDGE_CURVE('',#704,#709,#411,.T.);
#894=EDGE_CURVE('',#706,#710,#412,.T.);
#895=EDGE_CURVE('',#711,#712,#413,.T.);
#896=EDGE_CURVE('',#713,#711,#80,.T.);
#897=EDGE_CURVE('',#714,#713,#414,.T.);
#898=EDGE_CURVE('',#712,#714,#81,.T.);
#899=EDGE_CURVE('',#699,#624,#415,.T.);
#900=EDGE_CURVE('',#701,#623,#416,.T.);
#901=EDGE_CURVE('',#700,#625,#417,.T.);
#902=EDGE_CURVE('',#711,#619,#418,.T.);
#903=EDGE_CURVE('',#713,#618,#419,.T.);
#904=EDGE_CURVE('',#712,#620,#420,.T.);
#905=EDGE_CURVE('',#714,#621,#421,.T.);
#906=EDGE_CURVE('',#702,#622,#422,.T.);
#907=EDGE_CURVE('',#715,#715,#82,.F.);
#908=EDGE_CURVE('',#715,#626,#423,.T.);
#909=EDGE_CURVE('',#593,#629,#424,.F.);
#910=EDGE_CURVE('',#716,#716,#83,.T.);
#911=EDGE_CURVE('',#716,#627,#425,.T.);
#912=EDGE_CURVE('',#616,#650,#426,.F.);
#913=EDGE_CURVE('',#686,#632,#427,.T.);
#914=EDGE_CURVE('',#670,#633,#428,.F.);
#915=EDGE_CURVE('',#600,#634,#429,.F.);
#916=ORIENTED_EDGE('',*,*,#717,.F.);
#917=ORIENTED_EDGE('',*,*,#718,.F.);
#918=ORIENTED_EDGE('',*,*,#719,.F.);
#919=ORIENTED_EDGE('',*,*,#720,.F.);
#920=ORIENTED_EDGE('',*,*,#719,.T.);
#921=ORIENTED_EDGE('',*,*,#721,.T.);
#922=ORIENTED_EDGE('',*,*,#722,.T.);
#923=ORIENTED_EDGE('',*,*,#723,.F.);
#924=ORIENTED_EDGE('',*,*,#724,.F.);
#925=ORIENTED_EDGE('',*,*,#725,.T.);
#926=ORIENTED_EDGE('',*,*,#726,.T.);
#927=ORIENTED_EDGE('',*,*,#727,.T.);
#928=ORIENTED_EDGE('',*,*,#728,.T.);
#929=ORIENTED_EDGE('',*,*,#729,.T.);
#930=ORIENTED_EDGE('',*,*,#730,.T.);
#931=ORIENTED_EDGE('',*,*,#731,.F.);
#932=ORIENTED_EDGE('',*,*,#732,.T.);
#933=ORIENTED_EDGE('',*,*,#733,.T.);
#934=ORIENTED_EDGE('',*,*,#734,.T.);
#935=ORIENTED_EDGE('',*,*,#735,.F.);
#936=ORIENTED_EDGE('',*,*,#720,.T.);
#937=ORIENTED_EDGE('',*,*,#728,.F.);
#938=ORIENTED_EDGE('',*,*,#736,.F.);
#939=ORIENTED_EDGE('',*,*,#737,.F.);
#940=ORIENTED_EDGE('',*,*,#738,.F.);
#941=ORIENTED_EDGE('',*,*,#739,.F.);
#942=ORIENTED_EDGE('',*,*,#740,.T.);
#943=ORIENTED_EDGE('',*,*,#741,.T.);
#944=ORIENTED_EDGE('',*,*,#742,.T.);
#945=ORIENTED_EDGE('',*,*,#730,.F.);
#946=ORIENTED_EDGE('',*,*,#743,.T.);
#947=ORIENTED_EDGE('',*,*,#744,.F.);
#948=ORIENTED_EDGE('',*,*,#745,.T.);
#949=ORIENTED_EDGE('',*,*,#746,.T.);
#950=ORIENTED_EDGE('',*,*,#747,.T.);
#951=ORIENTED_EDGE('',*,*,#748,.T.);
#952=ORIENTED_EDGE('',*,*,#749,.T.);
#953=ORIENTED_EDGE('',*,*,#750,.F.);
#954=ORIENTED_EDGE('',*,*,#751,.F.);
#955=ORIENTED_EDGE('',*,*,#752,.F.);
#956=ORIENTED_EDGE('',*,*,#753,.T.);
#957=ORIENTED_EDGE('',*,*,#754,.T.);
#958=ORIENTED_EDGE('',*,*,#755,.T.);
#959=ORIENTED_EDGE('',*,*,#756,.T.);
#960=ORIENTED_EDGE('',*,*,#757,.T.);
#961=ORIENTED_EDGE('',*,*,#758,.T.);
#962=ORIENTED_EDGE('',*,*,#759,.T.);
#963=ORIENTED_EDGE('',*,*,#760,.T.);
#964=ORIENTED_EDGE('',*,*,#761,.F.);
#965=ORIENTED_EDGE('',*,*,#762,.F.);
#966=ORIENTED_EDGE('',*,*,#739,.T.);
#967=ORIENTED_EDGE('',*,*,#763,.F.);
#968=ORIENTED_EDGE('',*,*,#764,.F.);
#969=ORIENTED_EDGE('',*,*,#765,.T.);
#970=ORIENTED_EDGE('',*,*,#766,.T.);
#971=ORIENTED_EDGE('',*,*,#767,.T.);
#972=ORIENTED_EDGE('',*,*,#768,.F.);
#973=ORIENTED_EDGE('',*,*,#769,.T.);
#974=ORIENTED_EDGE('',*,*,#770,.F.);
#975=ORIENTED_EDGE('',*,*,#771,.T.);
#976=ORIENTED_EDGE('',*,*,#738,.T.);
#977=ORIENTED_EDGE('',*,*,#772,.F.);
#978=ORIENTED_EDGE('',*,*,#773,.T.);
#979=ORIENTED_EDGE('',*,*,#763,.T.);
#980=ORIENTED_EDGE('',*,*,#737,.T.);
#981=ORIENTED_EDGE('',*,*,#774,.F.);
#982=ORIENTED_EDGE('',*,*,#775,.F.);
#983=ORIENTED_EDGE('',*,*,#772,.T.);
#984=ORIENTED_EDGE('',*,*,#736,.T.);
#985=ORIENTED_EDGE('',*,*,#727,.F.);
#986=ORIENTED_EDGE('',*,*,#776,.T.);
#987=ORIENTED_EDGE('',*,*,#774,.T.);
#988=ORIENTED_EDGE('',*,*,#777,.F.);
#989=ORIENTED_EDGE('',*,*,#778,.F.);
#990=ORIENTED_EDGE('',*,*,#779,.F.);
#991=ORIENTED_EDGE('',*,*,#780,.F.);
#992=ORIENTED_EDGE('',*,*,#781,.F.);
#993=ORIENTED_EDGE('',*,*,#780,.T.);
#994=ORIENTED_EDGE('',*,*,#782,.F.);
#995=ORIENTED_EDGE('',*,*,#722,.F.);
#996=ORIENTED_EDGE('',*,*,#783,.T.);
#997=ORIENTED_EDGE('',*,*,#784,.F.);
#998=ORIENTED_EDGE('',*,*,#718,.T.);
#999=ORIENTED_EDGE('',*,*,#785,.F.);
#1000=ORIENTED_EDGE('',*,*,#783,.F.);
#1001=ORIENTED_EDGE('',*,*,#721,.F.);
#1002=ORIENTED_EDGE('',*,*,#729,.F.);
#1003=ORIENTED_EDGE('',*,*,#786,.F.);
#1004=ORIENTED_EDGE('',*,*,#778,.T.);
#1005=ORIENTED_EDGE('',*,*,#787,.F.);
#1006=ORIENTED_EDGE('',*,*,#788,.F.);
#1007=ORIENTED_EDGE('',*,*,#743,.F.);
#1008=ORIENTED_EDGE('',*,*,#787,.T.);
#1009=ORIENTED_EDGE('',*,*,#777,.T.);
#1010=ORIENTED_EDGE('',*,*,#781,.T.);
#1011=ORIENTED_EDGE('',*,*,#789,.F.);
#1012=ORIENTED_EDGE('',*,*,#790,.T.);
#1013=ORIENTED_EDGE('',*,*,#791,.T.);
#1014=ORIENTED_EDGE('',*,*,#792,.T.);
#1015=ORIENTED_EDGE('',*,*,#793,.T.);
#1016=ORIENTED_EDGE('',*,*,#794,.T.);
#1017=ORIENTED_EDGE('',*,*,#795,.T.);
#1018=ORIENTED_EDGE('',*,*,#796,.F.);
#1019=ORIENTED_EDGE('',*,*,#797,.T.);
#1020=ORIENTED_EDGE('',*,*,#798,.T.);
#1021=ORIENTED_EDGE('',*,*,#799,.T.);
#1022=ORIENTED_EDGE('',*,*,#800,.F.);
#1023=ORIENTED_EDGE('',*,*,#801,.F.);
#1024=ORIENTED_EDGE('',*,*,#717,.T.);
#1025=ORIENTED_EDGE('',*,*,#752,.T.);
#1026=ORIENTED_EDGE('',*,*,#802,.T.);
#1027=ORIENTED_EDGE('',*,*,#789,.T.);
#1028=ORIENTED_EDGE('',*,*,#784,.T.);
#1029=ORIENTED_EDGE('',*,*,#785,.T.);
#1030=ORIENTED_EDGE('',*,*,#803,.F.);
#1031=ORIENTED_EDGE('',*,*,#748,.F.);
#1032=ORIENTED_EDGE('',*,*,#804,.T.);
#1033=ORIENTED_EDGE('',*,*,#805,.T.);
#1034=ORIENTED_EDGE('',*,*,#806,.F.);
#1035=ORIENTED_EDGE('',*,*,#807,.F.);
#1036=ORIENTED_EDGE('',*,*,#808,.F.);
#1037=ORIENTED_EDGE('',*,*,#805,.F.);
#1038=ORIENTED_EDGE('',*,*,#809,.F.);
#1039=ORIENTED_EDGE('',*,*,#810,.F.);
#1040=ORIENTED_EDGE('',*,*,#811,.F.);
#1041=ORIENTED_EDGE('',*,*,#812,.F.);
#1042=ORIENTED_EDGE('',*,*,#747,.F.);
#1043=ORIENTED_EDGE('',*,*,#813,.T.);
#1044=ORIENTED_EDGE('',*,*,#809,.T.);
#1045=ORIENTED_EDGE('',*,*,#804,.F.);
#1046=ORIENTED_EDGE('',*,*,#814,.F.);
#1047=ORIENTED_EDGE('',*,*,#815,.F.);
#1048=ORIENTED_EDGE('',*,*,#816,.F.);
#1049=ORIENTED_EDGE('',*,*,#810,.T.);
#1050=ORIENTED_EDGE('',*,*,#813,.F.);
#1051=ORIENTED_EDGE('',*,*,#746,.F.);
#1052=ORIENTED_EDGE('',*,*,#807,.T.);
#1053=ORIENTED_EDGE('',*,*,#817,.T.);
#1054=ORIENTED_EDGE('',*,*,#818,.F.);
#1055=ORIENTED_EDGE('',*,*,#819,.F.);
#1056=ORIENTED_EDGE('',*,*,#806,.T.);
#1057=ORIENTED_EDGE('',*,*,#808,.T.);
#1058=ORIENTED_EDGE('',*,*,#820,.F.);
#1059=ORIENTED_EDGE('',*,*,#821,.T.);
#1060=ORIENTED_EDGE('',*,*,#822,.F.);
#1061=ORIENTED_EDGE('',*,*,#817,.F.);
#1062=ORIENTED_EDGE('',*,*,#814,.T.);
#1063=ORIENTED_EDGE('',*,*,#745,.F.);
#1064=ORIENTED_EDGE('',*,*,#823,.T.);
#1065=ORIENTED_EDGE('',*,*,#824,.F.);
#1066=ORIENTED_EDGE('',*,*,#812,.T.);
#1067=ORIENTED_EDGE('',*,*,#825,.F.);
#1068=ORIENTED_EDGE('',*,*,#799,.F.);
#1069=ORIENTED_EDGE('',*,*,#826,.T.);
#1070=ORIENTED_EDGE('',*,*,#827,.F.);
#1071=ORIENTED_EDGE('',*,*,#828,.F.);
#1072=ORIENTED_EDGE('',*,*,#820,.T.);
#1073=ORIENTED_EDGE('',*,*,#811,.T.);
#1074=ORIENTED_EDGE('',*,*,#816,.T.);
#1075=ORIENTED_EDGE('',*,*,#829,.F.);
#1076=ORIENTED_EDGE('',*,*,#830,.T.);
#1077=ORIENTED_EDGE('',*,*,#800,.T.);
#1078=ORIENTED_EDGE('',*,*,#825,.T.);
#1079=ORIENTED_EDGE('',*,*,#740,.F.);
#1080=ORIENTED_EDGE('',*,*,#771,.F.);
#1081=ORIENTED_EDGE('',*,*,#831,.F.);
#1082=ORIENTED_EDGE('',*,*,#832,.T.);
#1083=ORIENTED_EDGE('',*,*,#741,.F.);
#1084=ORIENTED_EDGE('',*,*,#832,.F.);
#1085=ORIENTED_EDGE('',*,*,#833,.F.);
#1086=ORIENTED_EDGE('',*,*,#834,.T.);
#1087=ORIENTED_EDGE('',*,*,#742,.F.);
#1088=ORIENTED_EDGE('',*,*,#834,.F.);
#1089=ORIENTED_EDGE('',*,*,#835,.F.);
#1090=ORIENTED_EDGE('',*,*,#731,.T.);
#1091=ORIENTED_EDGE('',*,*,#836,.F.);
#1092=ORIENTED_EDGE('',*,*,#837,.F.);
#1093=ORIENTED_EDGE('',*,*,#838,.F.);
#1094=ORIENTED_EDGE('',*,*,#839,.T.);
#1095=ORIENTED_EDGE('',*,*,#792,.F.);
#1096=ORIENTED_EDGE('',*,*,#840,.F.);
#1097=ORIENTED_EDGE('',*,*,#841,.F.);
#1098=ORIENTED_EDGE('',*,*,#842,.T.);
#1099=ORIENTED_EDGE('',*,*,#791,.F.);
#1100=ORIENTED_EDGE('',*,*,#843,.F.);
#1101=ORIENTED_EDGE('',*,*,#839,.F.);
#1102=ORIENTED_EDGE('',*,*,#844,.F.);
#1103=ORIENTED_EDGE('',*,*,#845,.F.);
#1104=ORIENTED_EDGE('',*,*,#840,.T.);
#1105=ORIENTED_EDGE('',*,*,#793,.F.);
#1106=ORIENTED_EDGE('',*,*,#842,.F.);
#1107=ORIENTED_EDGE('',*,*,#846,.F.);
#1108=ORIENTED_EDGE('',*,*,#847,.F.);
#1109=ORIENTED_EDGE('',*,*,#837,.T.);
#1110=ORIENTED_EDGE('',*,*,#848,.F.);
#1111=ORIENTED_EDGE('',*,*,#849,.F.);
#1112=ORIENTED_EDGE('',*,*,#826,.F.);
#1113=ORIENTED_EDGE('',*,*,#798,.F.);
#1114=ORIENTED_EDGE('',*,*,#850,.T.);
#1115=ORIENTED_EDGE('',*,*,#851,.F.);
#1116=ORIENTED_EDGE('',*,*,#850,.F.);
#1117=ORIENTED_EDGE('',*,*,#797,.F.);
#1118=ORIENTED_EDGE('',*,*,#852,.F.);
#1119=ORIENTED_EDGE('',*,*,#853,.F.);
#1120=ORIENTED_EDGE('',*,*,#854,.F.);
#1121=ORIENTED_EDGE('',*,*,#818,.T.);
#1122=ORIENTED_EDGE('',*,*,#822,.T.);
#1123=ORIENTED_EDGE('',*,*,#855,.F.);
#1124=ORIENTED_EDGE('',*,*,#828,.T.);
#1125=ORIENTED_EDGE('',*,*,#856,.F.);
#1126=ORIENTED_EDGE('',*,*,#734,.F.);
#1127=ORIENTED_EDGE('',*,*,#857,.T.);
#1128=ORIENTED_EDGE('',*,*,#852,.T.);
#1129=ORIENTED_EDGE('',*,*,#796,.T.);
#1130=ORIENTED_EDGE('',*,*,#858,.F.);
#1131=ORIENTED_EDGE('',*,*,#859,.F.);
#1132=ORIENTED_EDGE('',*,*,#803,.T.);
#1133=ORIENTED_EDGE('',*,*,#819,.T.);
#1134=ORIENTED_EDGE('',*,*,#854,.T.);
#1135=ORIENTED_EDGE('',*,*,#860,.F.);
#1136=ORIENTED_EDGE('',*,*,#861,.F.);
#1137=ORIENTED_EDGE('',*,*,#749,.F.);
#1138=ORIENTED_EDGE('',*,*,#853,.T.);
#1139=ORIENTED_EDGE('',*,*,#859,.T.);
#1140=ORIENTED_EDGE('',*,*,#862,.F.);
#1141=ORIENTED_EDGE('',*,*,#860,.T.);
#1142=ORIENTED_EDGE('',*,*,#815,.T.);
#1143=ORIENTED_EDGE('',*,*,#824,.T.);
#1144=ORIENTED_EDGE('',*,*,#863,.T.);
#1145=ORIENTED_EDGE('',*,*,#829,.T.);
#1146=ORIENTED_EDGE('',*,*,#844,.T.);
#1147=ORIENTED_EDGE('',*,*,#838,.T.);
#1148=ORIENTED_EDGE('',*,*,#847,.T.);
#1149=ORIENTED_EDGE('',*,*,#864,.T.);
#1150=ORIENTED_EDGE('',*,*,#766,.F.);
#1151=ORIENTED_EDGE('',*,*,#865,.F.);
#1152=ORIENTED_EDGE('',*,*,#724,.T.);
#1153=ORIENTED_EDGE('',*,*,#866,.T.);
#1154=ORIENTED_EDGE('',*,*,#867,.F.);
#1155=ORIENTED_EDGE('',*,*,#868,.T.);
#1156=ORIENTED_EDGE('',*,*,#869,.T.);
#1157=ORIENTED_EDGE('',*,*,#870,.F.);
#1158=ORIENTED_EDGE('',*,*,#871,.F.);
#1159=ORIENTED_EDGE('',*,*,#872,.T.);
#1160=ORIENTED_EDGE('',*,*,#873,.T.);
#1161=ORIENTED_EDGE('',*,*,#868,.F.);
#1162=ORIENTED_EDGE('',*,*,#874,.F.);
#1163=ORIENTED_EDGE('',*,*,#875,.T.);
#1164=ORIENTED_EDGE('',*,*,#876,.T.);
#1165=ORIENTED_EDGE('',*,*,#872,.F.);
#1166=ORIENTED_EDGE('',*,*,#877,.F.);
#1167=ORIENTED_EDGE('',*,*,#870,.T.);
#1168=ORIENTED_EDGE('',*,*,#878,.T.);
#1169=ORIENTED_EDGE('',*,*,#875,.F.);
#1170=ORIENTED_EDGE('',*,*,#878,.F.);
#1171=ORIENTED_EDGE('',*,*,#869,.F.);
#1172=ORIENTED_EDGE('',*,*,#873,.F.);
#1173=ORIENTED_EDGE('',*,*,#876,.F.);
#1174=ORIENTED_EDGE('',*,*,#879,.F.);
#1175=ORIENTED_EDGE('',*,*,#880,.F.);
#1176=ORIENTED_EDGE('',*,*,#881,.F.);
#1177=ORIENTED_EDGE('',*,*,#882,.F.);
#1178=ORIENTED_EDGE('',*,*,#883,.F.);
#1179=ORIENTED_EDGE('',*,*,#884,.T.);
#1180=ORIENTED_EDGE('',*,*,#885,.T.);
#1181=ORIENTED_EDGE('',*,*,#886,.F.);
#1182=ORIENTED_EDGE('',*,*,#887,.F.);
#1183=ORIENTED_EDGE('',*,*,#888,.T.);
#1184=ORIENTED_EDGE('',*,*,#889,.T.);
#1185=ORIENTED_EDGE('',*,*,#884,.F.);
#1186=ORIENTED_EDGE('',*,*,#890,.F.);
#1187=ORIENTED_EDGE('',*,*,#891,.T.);
#1188=ORIENTED_EDGE('',*,*,#892,.T.);
#1189=ORIENTED_EDGE('',*,*,#888,.F.);
#1190=ORIENTED_EDGE('',*,*,#893,.F.);
#1191=ORIENTED_EDGE('',*,*,#886,.T.);
#1192=ORIENTED_EDGE('',*,*,#894,.T.);
#1193=ORIENTED_EDGE('',*,*,#891,.F.);
#1194=ORIENTED_EDGE('',*,*,#894,.F.);
#1195=ORIENTED_EDGE('',*,*,#885,.F.);
#1196=ORIENTED_EDGE('',*,*,#889,.F.);
#1197=ORIENTED_EDGE('',*,*,#892,.F.);
#1198=ORIENTED_EDGE('',*,*,#895,.F.);
#1199=ORIENTED_EDGE('',*,*,#896,.F.);
#1200=ORIENTED_EDGE('',*,*,#897,.F.);
#1201=ORIENTED_EDGE('',*,*,#898,.F.);
#1202=ORIENTED_EDGE('',*,*,#880,.T.);
#1203=ORIENTED_EDGE('',*,*,#899,.T.);
#1204=ORIENTED_EDGE('',*,*,#758,.F.);
#1205=ORIENTED_EDGE('',*,*,#900,.F.);
#1206=ORIENTED_EDGE('',*,*,#879,.T.);
#1207=ORIENTED_EDGE('',*,*,#901,.T.);
#1208=ORIENTED_EDGE('',*,*,#759,.F.);
#1209=ORIENTED_EDGE('',*,*,#899,.F.);
#1210=ORIENTED_EDGE('',*,*,#896,.T.);
#1211=ORIENTED_EDGE('',*,*,#902,.T.);
#1212=ORIENTED_EDGE('',*,*,#753,.F.);
#1213=ORIENTED_EDGE('',*,*,#903,.F.);
#1214=ORIENTED_EDGE('',*,*,#895,.T.);
#1215=ORIENTED_EDGE('',*,*,#904,.T.);
#1216=ORIENTED_EDGE('',*,*,#754,.F.);
#1217=ORIENTED_EDGE('',*,*,#902,.F.);
#1218=ORIENTED_EDGE('',*,*,#898,.T.);
#1219=ORIENTED_EDGE('',*,*,#905,.T.);
#1220=ORIENTED_EDGE('',*,*,#755,.F.);
#1221=ORIENTED_EDGE('',*,*,#904,.F.);
#1222=ORIENTED_EDGE('',*,*,#897,.T.);
#1223=ORIENTED_EDGE('',*,*,#903,.T.);
#1224=ORIENTED_EDGE('',*,*,#756,.F.);
#1225=ORIENTED_EDGE('',*,*,#905,.F.);
#1226=ORIENTED_EDGE('',*,*,#881,.T.);
#1227=ORIENTED_EDGE('',*,*,#900,.T.);
#1228=ORIENTED_EDGE('',*,*,#757,.F.);
#1229=ORIENTED_EDGE('',*,*,#906,.F.);
#1230=ORIENTED_EDGE('',*,*,#882,.T.);
#1231=ORIENTED_EDGE('',*,*,#906,.T.);
#1232=ORIENTED_EDGE('',*,*,#760,.F.);
#1233=ORIENTED_EDGE('',*,*,#901,.F.);
#1234=ORIENTED_EDGE('',*,*,#907,.T.);
#1235=ORIENTED_EDGE('',*,*,#908,.T.);
#1236=ORIENTED_EDGE('',*,*,#761,.T.);
#1237=ORIENTED_EDGE('',*,*,#908,.F.);
#1238=ORIENTED_EDGE('',*,*,#764,.T.);
#1239=ORIENTED_EDGE('',*,*,#773,.F.);
#1240=ORIENTED_EDGE('',*,*,#775,.T.);
#1241=ORIENTED_EDGE('',*,*,#776,.F.);
#1242=ORIENTED_EDGE('',*,*,#726,.F.);
#1243=ORIENTED_EDGE('',*,*,#909,.T.);
#1244=ORIENTED_EDGE('',*,*,#907,.F.);
#1245=ORIENTED_EDGE('',*,*,#910,.F.);
#1246=ORIENTED_EDGE('',*,*,#765,.F.);
#1247=ORIENTED_EDGE('',*,*,#909,.F.);
#1248=ORIENTED_EDGE('',*,*,#725,.F.);
#1249=ORIENTED_EDGE('',*,*,#865,.T.);
#1250=ORIENTED_EDGE('',*,*,#910,.T.);
#1251=ORIENTED_EDGE('',*,*,#911,.T.);
#1252=ORIENTED_EDGE('',*,*,#762,.T.);
#1253=ORIENTED_EDGE('',*,*,#911,.F.);
#1254=ORIENTED_EDGE('',*,*,#750,.T.);
#1255=ORIENTED_EDGE('',*,*,#861,.T.);
#1256=ORIENTED_EDGE('',*,*,#862,.T.);
#1257=ORIENTED_EDGE('',*,*,#858,.T.);
#1258=ORIENTED_EDGE('',*,*,#795,.F.);
#1259=ORIENTED_EDGE('',*,*,#912,.F.);
#1260=ORIENTED_EDGE('',*,*,#751,.T.);
#1261=ORIENTED_EDGE('',*,*,#912,.T.);
#1262=ORIENTED_EDGE('',*,*,#794,.F.);
#1263=ORIENTED_EDGE('',*,*,#848,.T.);
#1264=ORIENTED_EDGE('',*,*,#836,.T.);
#1265=ORIENTED_EDGE('',*,*,#843,.T.);
#1266=ORIENTED_EDGE('',*,*,#790,.F.);
#1267=ORIENTED_EDGE('',*,*,#802,.F.);
#1268=ORIENTED_EDGE('',*,*,#786,.T.);
#1269=ORIENTED_EDGE('',*,*,#735,.T.);
#1270=ORIENTED_EDGE('',*,*,#856,.T.);
#1271=ORIENTED_EDGE('',*,*,#827,.T.);
#1272=ORIENTED_EDGE('',*,*,#849,.T.);
#1273=ORIENTED_EDGE('',*,*,#851,.T.);
#1274=ORIENTED_EDGE('',*,*,#913,.T.);
#1275=ORIENTED_EDGE('',*,*,#767,.F.);
#1276=ORIENTED_EDGE('',*,*,#864,.F.);
#1277=ORIENTED_EDGE('',*,*,#846,.T.);
#1278=ORIENTED_EDGE('',*,*,#841,.T.);
#1279=ORIENTED_EDGE('',*,*,#845,.T.);
#1280=ORIENTED_EDGE('',*,*,#866,.F.);
#1281=ORIENTED_EDGE('',*,*,#723,.T.);
#1282=ORIENTED_EDGE('',*,*,#782,.T.);
#1283=ORIENTED_EDGE('',*,*,#779,.T.);
#1284=ORIENTED_EDGE('',*,*,#855,.T.);
#1285=ORIENTED_EDGE('',*,*,#914,.T.);
#1286=ORIENTED_EDGE('',*,*,#768,.T.);
#1287=ORIENTED_EDGE('',*,*,#913,.F.);
#1288=ORIENTED_EDGE('',*,*,#769,.F.);
#1289=ORIENTED_EDGE('',*,*,#914,.F.);
#1290=ORIENTED_EDGE('',*,*,#821,.F.);
#1291=ORIENTED_EDGE('',*,*,#857,.F.);
#1292=ORIENTED_EDGE('',*,*,#733,.F.);
#1293=ORIENTED_EDGE('',*,*,#915,.T.);
#1294=ORIENTED_EDGE('',*,*,#831,.T.);
#1295=ORIENTED_EDGE('',*,*,#770,.T.);
#1296=ORIENTED_EDGE('',*,*,#915,.F.);
#1297=ORIENTED_EDGE('',*,*,#732,.F.);
#1298=ORIENTED_EDGE('',*,*,#835,.T.);
#1299=ORIENTED_EDGE('',*,*,#833,.T.);
#1300=ORIENTED_EDGE('',*,*,#867,.T.);
#1301=ORIENTED_EDGE('',*,*,#877,.T.);
#1302=ORIENTED_EDGE('',*,*,#874,.T.);
#1303=ORIENTED_EDGE('',*,*,#871,.T.);
#1304=ORIENTED_EDGE('',*,*,#883,.T.);
#1305=ORIENTED_EDGE('',*,*,#893,.T.);
#1306=ORIENTED_EDGE('',*,*,#890,.T.);
#1307=ORIENTED_EDGE('',*,*,#887,.T.);
#1308=ORIENTED_EDGE('',*,*,#788,.T.);
#1309=ORIENTED_EDGE('',*,*,#801,.T.);
#1310=ORIENTED_EDGE('',*,*,#830,.F.);
#1311=ORIENTED_EDGE('',*,*,#863,.F.);
#1312=ORIENTED_EDGE('',*,*,#823,.F.);
#1313=ORIENTED_EDGE('',*,*,#744,.T.);
#1314=PLANE('',#1455);
#1315=PLANE('',#1456);
#1316=PLANE('',#1458);
#1317=PLANE('',#1460);
#1318=PLANE('',#1471);
#1319=PLANE('',#1475);
#1320=PLANE('',#1478);
#1321=PLANE('',#1481);
#1322=PLANE('',#1482);
#1323=PLANE('',#1483);
#1324=PLANE('',#1492);
#1325=PLANE('',#1493);
#1326=PLANE('',#1494);
#1327=PLANE('',#1495);
#1328=PLANE('',#1496);
#1329=PLANE('',#1497);
#1330=PLANE('',#1498);
#1331=PLANE('',#1499);
#1332=PLANE('',#1500);
#1333=PLANE('',#1502);
#1334=PLANE('',#1505);
#1335=PLANE('',#1508);
#1336=PLANE('',#1509);
#1337=PLANE('',#1510);
#1338=PLANE('',#1512);
#1339=PLANE('',#1514);
#1340=PLANE('',#1515);
#1341=PLANE('',#1517);
#1342=PLANE('',#1518);
#1343=PLANE('',#1519);
#1344=PLANE('',#1520);
#1345=PLANE('',#1521);
#1346=PLANE('',#1522);
#1347=PLANE('',#1526);
#1348=PLANE('',#1530);
#1349=PLANE('',#1531);
#1350=PLANE('',#1537);
#1351=PLANE('',#1541);
#1352=PLANE('',#1542);
#1353=PLANE('',#1546);
#1354=PLANE('',#1548);
#1355=PLANE('',#1550);
#1356=PLANE('',#1551);
#1357=PLANE('',#1555);
#1358=PLANE('',#1557);
#1359=PLANE('',#1559);
#1360=PLANE('',#1560);
#1361=PLANE('',#1562);
#1362=PLANE('',#1563);
#1363=PLANE('',#1564);
#1364=PLANE('',#1565);
#1365=ADVANCED_FACE('',(#131),#1314,.F.);
#1366=ADVANCED_FACE('',(#132),#1315,.F.);
#1367=ADVANCED_FACE('',(#133),#1316,.F.);
#1368=ADVANCED_FACE('',(#134,#30,#31,#32,#33),#1317,.T.);
#1369=ADVANCED_FACE('',(#135),#1318,.T.);
#1370=ADVANCED_FACE('',(#136),#14,.T.);
#1371=ADVANCED_FACE('',(#137),#1319,.T.);
#1372=ADVANCED_FACE('',(#138),#15,.T.);
#1373=ADVANCED_FACE('',(#139),#1320,.T.);
#1374=ADVANCED_FACE('',(#140),#1321,.F.);
#1375=ADVANCED_FACE('',(#141),#1322,.F.);
#1376=ADVANCED_FACE('',(#142),#1323,.F.);
#1377=ADVANCED_FACE('',(#143),#16,.F.);
#1378=ADVANCED_FACE('',(#144),#1324,.T.);
#1379=ADVANCED_FACE('',(#145),#1325,.F.);
#1380=ADVANCED_FACE('',(#146),#1326,.F.);
#1381=ADVANCED_FACE('',(#147),#1327,.F.);
#1382=ADVANCED_FACE('',(#148),#1328,.F.);
#1383=ADVANCED_FACE('',(#149),#1329,.F.);
#1384=ADVANCED_FACE('',(#150),#1330,.T.);
#1385=ADVANCED_FACE('',(#151),#1331,.T.);
#1386=ADVANCED_FACE('',(#152),#1332,.F.);
#1387=ADVANCED_FACE('',(#153),#1333,.T.);
#1388=ADVANCED_FACE('',(#154),#17,.T.);
#1389=ADVANCED_FACE('',(#155),#1334,.F.);
#1390=ADVANCED_FACE('',(#156),#18,.T.);
#1391=ADVANCED_FACE('',(#157),#1335,.F.);
#1392=ADVANCED_FACE('',(#158),#1336,.F.);
#1393=ADVANCED_FACE('',(#159),#1337,.F.);
#1394=ADVANCED_FACE('',(#160),#1338,.F.);
#1395=ADVANCED_FACE('',(#161),#1339,.F.);
#1396=ADVANCED_FACE('',(#162),#1340,.F.);
#1397=ADVANCED_FACE('',(#163),#1341,.F.);
#1398=ADVANCED_FACE('',(#164),#1342,.T.);
#1399=ADVANCED_FACE('',(#165),#1343,.T.);
#1400=ADVANCED_FACE('',(#166),#1344,.F.);
#1401=ADVANCED_FACE('',(#167),#1345,.F.);
#1402=ADVANCED_FACE('',(#168),#1346,.T.);
#1403=ADVANCED_FACE('',(#169),#19,.F.);
#1404=ADVANCED_FACE('',(#170),#1347,.F.);
#1405=ADVANCED_FACE('',(#171),#20,.F.);
#1406=ADVANCED_FACE('',(#172),#1348,.F.);
#1407=ADVANCED_FACE('',(#173,#34),#1349,.T.);
#1408=ADVANCED_FACE('',(#174),#21,.F.);
#1409=ADVANCED_FACE('',(#175),#1350,.F.);
#1410=ADVANCED_FACE('',(#176),#22,.F.);
#1411=ADVANCED_FACE('',(#177),#1351,.F.);
#1412=ADVANCED_FACE('',(#178,#35),#1352,.T.);
#1413=ADVANCED_FACE('',(#179),#23,.F.);
#1414=ADVANCED_FACE('',(#180),#1353,.F.);
#1415=ADVANCED_FACE('',(#181),#24,.F.);
#1416=ADVANCED_FACE('',(#182),#1354,.F.);
#1417=ADVANCED_FACE('',(#183),#25,.F.);
#1418=ADVANCED_FACE('',(#184),#1355,.F.);
#1419=ADVANCED_FACE('',(#185),#1356,.F.);
#1420=ADVANCED_FACE('',(#186),#26,.F.);
#1421=ADVANCED_FACE('',(#187),#27,.F.);
#1422=ADVANCED_FACE('',(#188,#36,#37),#1357,.T.);
#1423=ADVANCED_FACE('',(#189),#1358,.T.);
#1424=ADVANCED_FACE('',(#190),#28,.F.);
#1425=ADVANCED_FACE('',(#191),#1359,.F.);
#1426=ADVANCED_FACE('',(#192),#1360,.F.);
#1427=ADVANCED_FACE('',(#193),#29,.T.);
#1428=ADVANCED_FACE('',(#194),#1361,.F.);
#1429=ADVANCED_FACE('',(#195),#1362,.T.);
#1430=ADVANCED_FACE('',(#196,#38,#39),#1363,.T.);
#1431=ADVANCED_FACE('',(#197),#1364,.T.);
#1432=CLOSED_SHELL('',(#1365,#1366,#1367,#1368,#1369,#1370,#1371,#1372,
#1373,#1374,#1375,#1376,#1377,#1378,#1379,#1380,#1381,#1382,#1383,#1384,
#1385,#1386,#1387,#1388,#1389,#1390,#1391,#1392,#1393,#1394,#1395,#1396,
#1397,#1398,#1399,#1400,#1401,#1402,#1403,#1404,#1405,#1406,#1407,#1408,
#1409,#1410,#1411,#1412,#1413,#1414,#1415,#1416,#1417,#1418,#1419,#1420,
#1421,#1422,#1423,#1424,#1425,#1426,#1427,#1428,#1429,#1430,#1431));
#1433=DERIVED_UNIT_ELEMENT(#1436,1.);
#1434=DERIVED_UNIT_ELEMENT(#2349,-3.);
#1435=DIMENSIONAL_EXPONENTS(0.,1.,0.,0.,0.,0.,0.);
#1436=(
CONVERSION_BASED_UNIT('gram',#1438)
MASS_UNIT()
NAMED_UNIT(#1435)
);
#1437=(
MASS_UNIT()
NAMED_UNIT(*)
SI_UNIT(.KILO.,.GRAM.)
);
#1438=MASS_MEASURE_WITH_UNIT(MASS_MEASURE(0.001),#1437);
#1439=DERIVED_UNIT((#1433,#1434));
#1440=MEASURE_REPRESENTATION_ITEM('density measure',
POSITIVE_RATIO_MEASURE(1.),#1439);
#1441=PROPERTY_DEFINITION_REPRESENTATION(#1446,#1443);
#1442=PROPERTY_DEFINITION_REPRESENTATION(#1447,#1444);
#1443=REPRESENTATION('material name',(#1445),#2346);
#1444=REPRESENTATION('density',(#1440),#2346);
#1445=DESCRIPTIVE_REPRESENTATION_ITEM('\X2\C77CBC18\X0\','\X2\C77CBC18\X0\');
#1446=PROPERTY_DEFINITION('material property','material name',#2356);
#1447=PROPERTY_DEFINITION('material property','density of part',#2356);
#1448=DATE_TIME_ROLE('creation_date');
#1449=APPLIED_DATE_AND_TIME_ASSIGNMENT(#1450,#1448,(#2356));
#1450=DATE_AND_TIME(#1451,#1452);
#1451=CALENDAR_DATE(2026,12,6);
#1452=LOCAL_TIME(0,0,0.,#1453);
#1453=COORDINATED_UNIVERSAL_TIME_OFFSET(0,0,.BEHIND.);
#1454=AXIS2_PLACEMENT_3D('',#1945,#1566,#1567);
#1455=AXIS2_PLACEMENT_3D('',#1946,#1568,#1569);
#1456=AXIS2_PLACEMENT_3D('',#1955,#1574,#1575);
#1457=AXIS2_PLACEMENT_3D('',#1961,#1578,#1579);
#1458=AXIS2_PLACEMENT_3D('',#1971,#1585,#1586);
#1459=AXIS2_PLACEMENT_3D('',#1985,#1593,#1594);
#1460=AXIS2_PLACEMENT_3D('',#1986,#1595,#1596);
#1461=AXIS2_PLACEMENT_3D('',#1988,#1597,#1598);
#1462=AXIS2_PLACEMENT_3D('',#1992,#1600,#1601);
#1463=AXIS2_PLACEMENT_3D('',#1996,#1603,#1604);
#1464=AXIS2_PLACEMENT_3D('',#1999,#1606,#1607);
#1465=AXIS2_PLACEMENT_3D('',#2021,#1618,#1619);
#1466=AXIS2_PLACEMENT_3D('',#2025,#1621,#1622);
#1467=AXIS2_PLACEMENT_3D('',#2031,#1625,#1626);
#1468=AXIS2_PLACEMENT_3D('',#2034,#1628,#1629);
#1469=AXIS2_PLACEMENT_3D('',#2036,#1630,#1631);
#1470=AXIS2_PLACEMENT_3D('',#2038,#1632,#1633);
#1471=AXIS2_PLACEMENT_3D('',#2039,#1634,#1635);
#1472=AXIS2_PLACEMENT_3D('',#2049,#1640,#1641);
#1473=AXIS2_PLACEMENT_3D('',#2057,#1646,#1647);
#1474=AXIS2_PLACEMENT_3D('',#2060,#1649,#1650);
#1475=AXIS2_PLACEMENT_3D('',#2061,#1651,#1652);
#1476=AXIS2_PLACEMENT_3D('',#2065,#1655,#1656);
#1477=AXIS2_PLACEMENT_3D('',#2066,#1657,#1658);
#1478=AXIS2_PLACEMENT_3D('',#2067,#1659,#1660);
#1479=AXIS2_PLACEMENT_3D('',#2070,#1661,#1662);
#1480=AXIS2_PLACEMENT_3D('',#2074,#1664,#1665);
#1481=AXIS2_PLACEMENT_3D('',#2076,#1667,#1668);
#1482=AXIS2_PLACEMENT_3D('',#2083,#1673,#1674);
#1483=AXIS2_PLACEMENT_3D('',#2085,#1676,#1677);
#1484=AXIS2_PLACEMENT_3D('',#2090,#1681,#1682);
#1485=AXIS2_PLACEMENT_3D('',#2092,#1683,#1684);
#1486=AXIS2_PLACEMENT_3D('',#2096,#1686,#1687);
#1487=AXIS2_PLACEMENT_3D('',#2100,#1689,#1690);
#1488=AXIS2_PLACEMENT_3D('',#2104,#1692,#1693);
#1489=AXIS2_PLACEMENT_3D('',#2108,#1695,#1696);
#1490=AXIS2_PLACEMENT_3D('',#2112,#1698,#1699);
#1491=AXIS2_PLACEMENT_3D('',#2115,#1701,#1702);
#1492=AXIS2_PLACEMENT_3D('',#2116,#1703,#1704);
#1493=AXIS2_PLACEMENT_3D('',#2118,#1706,#1707);
#1494=AXIS2_PLACEMENT_3D('',#2128,#1713,#1714);
#1495=AXIS2_PLACEMENT_3D('',#2138,#1720,#1721);
#1496=AXIS2_PLACEMENT_3D('',#2140,#1723,#1724);
#1497=AXIS2_PLACEMENT_3D('',#2146,#1728,#1729);
#1498=AXIS2_PLACEMENT_3D('',#2152,#1733,#1734);
#1499=AXIS2_PLACEMENT_3D('',#2158,#1738,#1739);
#1500=AXIS2_PLACEMENT_3D('',#2162,#1742,#1743);
#1501=AXIS2_PLACEMENT_3D('',#2167,#1746,#1747);
#1502=AXIS2_PLACEMENT_3D('',#2169,#1749,#1750);
#1503=AXIS2_PLACEMENT_3D('',#2173,#1753,#1754);
#1504=AXIS2_PLACEMENT_3D('',#2175,#1755,#1756);
#1505=AXIS2_PLACEMENT_3D('',#2177,#1758,#1759);
#1506=AXIS2_PLACEMENT_3D('',#2181,#1762,#1763);
#1507=AXIS2_PLACEMENT_3D('',#2182,#1764,#1765);
#1508=AXIS2_PLACEMENT_3D('',#2183,#1766,#1767);
#1509=AXIS2_PLACEMENT_3D('',#2192,#1772,#1773);
#1510=AXIS2_PLACEMENT_3D('',#2198,#1777,#1778);
#1511=AXIS2_PLACEMENT_3D('',#2202,#1781,#1782);
#1512=AXIS2_PLACEMENT_3D('',#2203,#1783,#1784);
#1513=AXIS2_PLACEMENT_3D('',#2205,#1785,#1786);
#1514=AXIS2_PLACEMENT_3D('',#2208,#1789,#1790);
#1515=AXIS2_PLACEMENT_3D('',#2212,#1793,#1794);
#1516=AXIS2_PLACEMENT_3D('',#2214,#1795,#1796);
#1517=AXIS2_PLACEMENT_3D('',#2221,#1801,#1802);
#1518=AXIS2_PLACEMENT_3D('',#2224,#1805,#1806);
#1519=AXIS2_PLACEMENT_3D('',#2228,#1809,#1810);
#1520=AXIS2_PLACEMENT_3D('',#2232,#1813,#1814);
#1521=AXIS2_PLACEMENT_3D('',#2234,#1816,#1817);
#1522=AXIS2_PLACEMENT_3D('',#2236,#1819,#1820);
#1523=AXIS2_PLACEMENT_3D('',#2240,#1824,#1825);
#1524=AXIS2_PLACEMENT_3D('',#2243,#1826,#1827);
#1525=AXIS2_PLACEMENT_3D('',#2247,#1829,#1830);
#1526=AXIS2_PLACEMENT_3D('',#2249,#1832,#1833);
#1527=AXIS2_PLACEMENT_3D('',#2255,#1837,#1838);
#1528=AXIS2_PLACEMENT_3D('',#2257,#1839,#1840);
#1529=AXIS2_PLACEMENT_3D('',#2260,#1842,#1843);
#1530=AXIS2_PLACEMENT_3D('',#2261,#1844,#1845);
#1531=AXIS2_PLACEMENT_3D('',#2264,#1848,#1849);
#1532=AXIS2_PLACEMENT_3D('',#2269,#1851,#1852);
#1533=AXIS2_PLACEMENT_3D('',#2272,#1854,#1855);
#1534=AXIS2_PLACEMENT_3D('',#2273,#1856,#1857);
#1535=AXIS2_PLACEMENT_3D('',#2276,#1858,#1859);
#1536=AXIS2_PLACEMENT_3D('',#2280,#1861,#1862);
#1537=AXIS2_PLACEMENT_3D('',#2282,#1864,#1865);
#1538=AXIS2_PLACEMENT_3D('',#2288,#1869,#1870);
#1539=AXIS2_PLACEMENT_3D('',#2290,#1871,#1872);
#1540=AXIS2_PLACEMENT_3D('',#2293,#1874,#1875);
#1541=AXIS2_PLACEMENT_3D('',#2294,#1876,#1877);
#1542=AXIS2_PLACEMENT_3D('',#2297,#1880,#1881);
#1543=AXIS2_PLACEMENT_3D('',#2302,#1883,#1884);
#1544=AXIS2_PLACEMENT_3D('',#2305,#1886,#1887);
#1545=AXIS2_PLACEMENT_3D('',#2306,#1888,#1889);
#1546=AXIS2_PLACEMENT_3D('',#2309,#1892,#1893);
#1547=AXIS2_PLACEMENT_3D('',#2311,#1895,#1896);
#1548=AXIS2_PLACEMENT_3D('',#2314,#1899,#1900);
#1549=AXIS2_PLACEMENT_3D('',#2316,#1902,#1903);
#1550=AXIS2_PLACEMENT_3D('',#2318,#1905,#1906);
#1551=AXIS2_PLACEMENT_3D('',#2319,#1907,#1908);
#1552=AXIS2_PLACEMENT_3D('',#2321,#1910,#1911);
#1553=AXIS2_PLACEMENT_3D('',#2322,#1912,#1913);
#1554=AXIS2_PLACEMENT_3D('',#2324,#1914,#1915);
#1555=AXIS2_PLACEMENT_3D('',#2326,#1917,#1918);
#1556=AXIS2_PLACEMENT_3D('',#2329,#1920,#1921);
#1557=AXIS2_PLACEMENT_3D('',#2330,#1922,#1923);
#1558=AXIS2_PLACEMENT_3D('',#2331,#1924,#1925);
#1559=AXIS2_PLACEMENT_3D('',#2333,#1927,#1928);
#1560=AXIS2_PLACEMENT_3D('',#2335,#1930,#1931);
#1561=AXIS2_PLACEMENT_3D('',#2336,#1932,#1933);
#1562=AXIS2_PLACEMENT_3D('',#2338,#1935,#1936);
#1563=AXIS2_PLACEMENT_3D('',#2340,#1938,#1939);
#1564=AXIS2_PLACEMENT_3D('',#2342,#1941,#1942);
#1565=AXIS2_PLACEMENT_3D('',#2343,#1943,#1944);
#1566=DIRECTION('axis',(0.,0.,1.));
#1567=DIRECTION('refdir',(1.,0.,0.));
#1568=DIRECTION('center_axis',(1.,0.,9.18338008665459E-49));
#1569=DIRECTION('ref_axis',(9.18338008665459E-49,1.22464679915E-16,-1.));
#1570=DIRECTION('',(-9.18338008665459E-49,-1.22464679915E-16,1.));
#1571=DIRECTION('',(0.,1.,0.));
#1572=DIRECTION('',(9.18338008665459E-49,1.22464679915E-16,-1.));
#1573=DIRECTION('',(1.12463970284994E-64,-1.,-1.22464679915E-16));
#1574=DIRECTION('center_axis',(7.49879891331E-33,1.,1.22464679915E-16));
#1575=DIRECTION('ref_axis',(-1.,7.49879891331E-33,0.));
#1576=DIRECTION('',(1.,-2.56272132259744E-32,1.48029736616688E-16));
#1577=DIRECTION('',(4.10133432107022E-16,1.22464679915E-16,-1.));
#1578=DIRECTION('center_axis',(7.49879891331E-33,1.,1.22464679915E-16));
#1579=DIRECTION('ref_axis',(0.,1.22464679915E-16,-1.));
#1580=DIRECTION('',(0.,0.,-1.));
#1581=DIRECTION('',(-0.707106781186548,0.,-0.707106781186548));
#1582=DIRECTION('',(1.,0.,0.));
#1583=DIRECTION('',(0.,0.,1.));
#1584=DIRECTION('',(-1.,7.49879891331E-33,9.18338008665459E-49));
#1585=DIRECTION('center_axis',(7.49879891331E-33,1.,1.22464679915E-16));
#1586=DIRECTION('ref_axis',(-1.,7.49879891331E-33,0.));
#1587=DIRECTION('',(-9.18338008665459E-49,-1.22464679915E-16,1.));
#1588=DIRECTION('',(-1.,1.12463970284693E-64,-9.18338008663E-49));
#1589=DIRECTION('',(0.,0.,1.));
#1590=DIRECTION('',(1.,0.,0.));
#1591=DIRECTION('',(-0.707106781186548,0.,0.707106781186548));
#1592=DIRECTION('',(0.,0.,-1.));
#1593=DIRECTION('center_axis',(7.49879891331E-33,1.,1.22464679915E-16));
#1594=DIRECTION('ref_axis',(0.,1.22464679915E-16,-1.));
#1595=DIRECTION('center_axis',(-9.18338008663E-49,-1.22464679915E-16,1.));
#1596=DIRECTION('ref_axis',(1.,0.,9.18338008663E-49));
#1597=DIRECTION('center_axis',(2.12918274726929E-49,1.5085833031E-16,-1.));
#1598=DIRECTION('ref_axis',(-1.83697019872E-16,-1.,0.));
#1599=DIRECTION('',(-7.49879891331E-33,-1.,-1.5085833031E-16));
#1600=DIRECTION('center_axis',(2.12918274726929E-49,1.5085833031E-16,-1.));
#1601=DIRECTION('ref_axis',(1.,0.,0.));
#1602=DIRECTION('',(1.,-7.49879891331E-33,-9.18338008665459E-49));
#1603=DIRECTION('center_axis',(-9.18338008663E-49,-1.22464679915E-16,1.));
#1604=DIRECTION('ref_axis',(1.,0.,0.));
#1605=DIRECTION('',(-1.15134239590757E-16,-1.,-1.22464679915E-16));
#1606=DIRECTION('center_axis',(-9.18338008663E-49,-1.22464679915E-16,1.));
#1607=DIRECTION('ref_axis',(2.01858731750029E-16,1.,0.));
#1608=DIRECTION('',(-1.12463970284994E-64,1.,1.22464679915E-16));
#1609=DIRECTION('',(1.,-7.49879891331E-33,-9.18338008665459E-49));
#1610=DIRECTION('',(-3.394312431975E-16,1.,1.22464679915E-16));
#1611=DIRECTION('',(-1.,-5.71361385227626E-16,-6.99715891576922E-32));
#1612=DIRECTION('',(-6.52751234094185E-16,1.,1.22464679915E-16));
#1613=DIRECTION('',(1.,4.7687431930208E-16,5.84002608730128E-32));
#1614=DIRECTION('',(-3.394312431975E-16,1.,1.22464679915E-16));
#1615=DIRECTION('',(-1.,7.49879891331E-33,9.18338008665459E-49));
#1616=DIRECTION('',(7.49879891331E-33,1.,1.5085833031E-16));
#1617=DIRECTION('',(1.,-7.49879891331E-33,-9.18338008665459E-49));
#1618=DIRECTION('center_axis',(9.18338008663E-49,1.22464679915E-16,-1.));
#1619=DIRECTION('ref_axis',(1.12463970284693E-64,-1.,0.));
#1620=DIRECTION('',(1.,0.,9.18338008663E-49));
#1621=DIRECTION('center_axis',(9.18338008663E-49,1.22464679915E-16,-1.));
#1622=DIRECTION('ref_axis',(-1.12463970284693E-64,1.,0.));
#1623=DIRECTION('',(-1.,0.,-9.18338008663E-49));
#1624=DIRECTION('',(1.,0.,9.18338008663E-49));
#1625=DIRECTION('center_axis',(9.18338008663E-49,1.22464679915E-16,-1.));
#1626=DIRECTION('ref_axis',(-1.12463970284693E-64,1.,0.));
#1627=DIRECTION('',(-1.,0.,-9.18338008663E-49));
#1628=DIRECTION('center_axis',(9.18338008663E-49,1.22464679915E-16,-1.));
#1629=DIRECTION('ref_axis',(1.12463970284693E-64,-1.,0.));
#1630=DIRECTION('center_axis',(-2.12918274726929E-49,-1.5085833031E-16,
1.));
#1631=DIRECTION('ref_axis',(1.,9.18338008663E-49,9.18338008663E-49));
#1632=DIRECTION('center_axis',(-2.12918274726929E-49,-1.5085833031E-16,
1.));
#1633=DIRECTION('ref_axis',(1.,9.18338008663E-49,9.18338008663E-49));
#1634=DIRECTION('center_axis',(7.49879891331E-33,1.,1.22464679915E-16));
#1635=DIRECTION('ref_axis',(-1.,7.49879891331E-33,0.));
#1636=DIRECTION('',(0.,0.,1.));
#1637=DIRECTION('',(1.,0.,0.));
#1638=DIRECTION('',(0.707106781186548,0.,0.707106781186548));
#1639=DIRECTION('',(0.,1.35341473478E-15,-1.));
#1640=DIRECTION('center_axis',(7.49879891331E-33,1.,1.22464679915E-16));
#1641=DIRECTION('ref_axis',(0.,1.22464679915E-16,-1.));
#1642=DIRECTION('',(0.,2.08217651505E-15,-1.));
#1643=DIRECTION('',(0.707106781186548,0.,-0.707106781186548));
#1644=DIRECTION('',(1.,0.,0.));
#1645=DIRECTION('',(0.,0.,1.));
#1646=DIRECTION('center_axis',(0.,-7.96126314577E-16,1.));
#1647=DIRECTION('ref_axis',(1.,0.,0.));
#1648=DIRECTION('',(0.,-7.96126314577E-16,1.));
#1649=DIRECTION('center_axis',(0.,0.,-1.));
#1650=DIRECTION('ref_axis',(1.,1.18423789293349E-14,0.));
#1651=DIRECTION('center_axis',(1.,-7.49879891331E-33,0.));
#1652=DIRECTION('ref_axis',(-9.18338008665459E-49,-1.22464679915E-16,1.));
#1653=DIRECTION('',(0.,0.,1.));
#1654=DIRECTION('',(0.,-1.,-1.81029996372E-16));
#1655=DIRECTION('center_axis',(0.,0.,1.));
#1656=DIRECTION('ref_axis',(-1.83697019872E-16,-1.,0.));
#1657=DIRECTION('center_axis',(0.,0.,-1.));
#1658=DIRECTION('ref_axis',(2.96059473233374E-15,-1.,0.));
#1659=DIRECTION('center_axis',(-7.49879891331E-33,-1.,-1.22464679915E-16));
#1660=DIRECTION('ref_axis',(0.,1.22464679915E-16,-1.));
#1661=DIRECTION('center_axis',(-7.49879891331E-33,-1.,-1.22464679915E-16));
#1662=DIRECTION('ref_axis',(-1.17145536458E-15,-1.22464679915E-16,1.));
#1663=DIRECTION('',(-3.28106745685618E-16,-1.22464679915E-16,1.));
#1664=DIRECTION('center_axis',(7.49879891331E-33,1.,1.22464679915E-16));
#1665=DIRECTION('ref_axis',(1.,-1.85652125553338E-31,1.45473230946E-15));
#1666=DIRECTION('',(4.10133432107022E-16,1.22464679915E-16,-1.));
#1667=DIRECTION('center_axis',(1.,0.,4.10133432107022E-16));
#1668=DIRECTION('ref_axis',(4.10133432107022E-16,1.22464679915E-16,-1.));
#1669=DIRECTION('',(-7.49879891331E-33,-1.,-1.22464679915E-16));
#1670=DIRECTION('',(7.49879891331E-33,1.,1.22464679915E-16));
#1671=DIRECTION('',(0.,1.,0.));
#1672=DIRECTION('',(-4.10133432107022E-16,-1.22464679915E-16,1.));
#1673=DIRECTION('center_axis',(-1.48029736616688E-16,0.,1.));
#1674=DIRECTION('ref_axis',(1.,-2.56272132259744E-32,1.48029736616688E-16));
#1675=DIRECTION('',(-1.,2.56272132259744E-32,-1.48029736616688E-16));
#1676=DIRECTION('center_axis',(-1.,0.,-3.28106745685618E-16));
#1677=DIRECTION('ref_axis',(-3.28106745685618E-16,-1.22464679915E-16,1.));
#1678=DIRECTION('',(-7.49879891331E-33,-1.,-1.22464679915E-16));
#1679=DIRECTION('',(7.49879891331E-33,1.,1.22464679915E-16));
#1680=DIRECTION('',(3.28106745685618E-16,1.22464679915E-16,-1.));
#1681=DIRECTION('center_axis',(7.49879891331E-33,1.,1.22464679915E-16));
#1682=DIRECTION('ref_axis',(1.60812264965139E-16,1.22464679915E-16,-1.));
#1683=DIRECTION('center_axis',(7.49879891331E-33,1.,1.22464679915E-16));
#1684=DIRECTION('ref_axis',(0.,1.22464679915E-16,-1.));
#1685=DIRECTION('',(0.,1.,0.));
#1686=DIRECTION('center_axis',(0.,1.,0.));
#1687=DIRECTION('ref_axis',(-1.17145536458E-15,-1.22464679915E-16,1.));
#1688=DIRECTION('',(7.49879891331E-33,1.,1.22464679915E-16));
#1689=DIRECTION('center_axis',(0.,-1.,2.86509167645202E-16));
#1690=DIRECTION('ref_axis',(-1.17145536458E-15,-1.22464679915E-16,1.));
#1691=DIRECTION('',(0.,1.,0.));
#1692=DIRECTION('center_axis',(0.,1.,0.));
#1693=DIRECTION('ref_axis',(-1.,0.,0.));
#1694=DIRECTION('',(0.,1.,0.));
#1695=DIRECTION('center_axis',(0.,-1.,2.86509167645202E-16));
#1696=DIRECTION('ref_axis',(-1.17145536458E-15,-1.22464679915E-16,1.));
#1697=DIRECTION('',(-7.49879891331E-33,-1.,-1.22464679915E-16));
#1698=DIRECTION('center_axis',(0.,1.,0.));
#1699=DIRECTION('ref_axis',(-1.17145536458E-15,-1.22464679915E-16,1.));
#1700=DIRECTION('',(0.,1.,0.));
#1701=DIRECTION('center_axis',(7.49879891331E-33,1.,1.22464679915E-16));
#1702=DIRECTION('ref_axis',(0.,1.22464679915E-16,-1.));
#1703=DIRECTION('center_axis',(7.49879891331E-33,1.,1.22464679915E-16));
#1704=DIRECTION('ref_axis',(-1.,7.49879891331E-33,0.));
#1705=DIRECTION('',(0.,0.,-1.));
#1706=DIRECTION('center_axis',(-4.7687431930208E-16,1.,0.));
#1707=DIRECTION('ref_axis',(1.,4.7687431930208E-16,5.84002608730128E-32));
#1708=DIRECTION('',(0.,0.,-1.));
#1709=DIRECTION('',(0.,0.,-1.));
#1710=DIRECTION('',(1.,4.7687431930208E-16,5.84002608730128E-32));
#1711=DIRECTION('',(0.,0.,-1.));
#1712=DIRECTION('',(-1.,-4.7687431930208E-16,-7.05915798855491E-32));
#1713=DIRECTION('center_axis',(0.,0.,-1.));
#1714=DIRECTION('ref_axis',(-1.,0.,0.));
#1715=DIRECTION('',(-7.49879891331E-33,-1.,0.));
#1716=DIRECTION('',(-6.52751234094185E-16,1.,1.22464679915E-16));
#1717=DIRECTION('',(-1.,-5.71361385227626E-16,-6.99715891576922E-32));
#1718=DIRECTION('',(-7.49879891331E-33,-1.,0.));
#1719=DIRECTION('',(1.,0.,0.));
#1720=DIRECTION('center_axis',(-1.,-6.52751234094185E-16,0.));
#1721=DIRECTION('ref_axis',(-6.52751234094185E-16,1.,1.22464679915E-16));
#1722=DIRECTION('',(0.,0.,-1.));
#1723=DIRECTION('center_axis',(5.71361385227626E-16,-1.,0.));
#1724=DIRECTION('ref_axis',(-1.,-5.71361385227626E-16,-6.99715891576922E-32));
#1725=DIRECTION('',(0.,0.,1.));
#1726=DIRECTION('',(-1.,-5.71361385227626E-16,-6.99715891576922E-32));
#1727=DIRECTION('',(0.,0.,1.));
#1728=DIRECTION('center_axis',(0.,-1.48029736616688E-16,1.));
#1729=DIRECTION('ref_axis',(7.49879891331E-33,1.,1.48029736616688E-16));
#1730=DIRECTION('',(7.49879891331E-33,1.,1.48029736616688E-16));
#1731=DIRECTION('',(-1.,0.,0.));
#1732=DIRECTION('',(-3.394312431975E-16,1.,1.48029736616688E-16));
#1733=DIRECTION('center_axis',(1.,-7.49879891331E-33,0.));
#1734=DIRECTION('ref_axis',(0.,0.,-1.));
#1735=DIRECTION('',(0.,0.,1.));
#1736=DIRECTION('',(0.,-1.,-1.81029996372E-16));
#1737=DIRECTION('',(-2.14847463499119E-48,-2.86509167645202E-16,-1.));
#1738=DIRECTION('center_axis',(1.,3.394312431975E-16,0.));
#1739=DIRECTION('ref_axis',(-3.394312431975E-16,1.,1.22464679915E-16));
#1740=DIRECTION('',(0.,0.,-1.));
#1741=DIRECTION('',(3.394312431975E-16,-1.,-1.22464679915E-16));
#1742=DIRECTION('center_axis',(0.,-1.,0.));
#1743=DIRECTION('ref_axis',(0.,0.,1.));
#1744=DIRECTION('',(0.,0.,1.));
#1745=DIRECTION('',(-1.,0.,0.));
#1746=DIRECTION('center_axis',(0.,-1.,0.));
#1747=DIRECTION('ref_axis',(1.,-1.85652125553338E-31,1.45473230946E-15));
#1748=DIRECTION('',(0.,0.,-1.));
#1749=DIRECTION('center_axis',(1.,-7.49879891331E-33,0.));
#1750=DIRECTION('ref_axis',(9.18338008665459E-49,1.22464679915E-16,-1.));
#1751=DIRECTION('',(0.,1.,1.90749727721E-16));
#1752=DIRECTION('',(0.,0.,-1.));
#1753=DIRECTION('center_axis',(0.,0.,1.));
#1754=DIRECTION('ref_axis',(1.,0.,0.));
#1755=DIRECTION('center_axis',(9.18338008663E-49,1.22464679915E-16,-1.));
#1756=DIRECTION('ref_axis',(1.,0.,0.));
#1757=DIRECTION('',(0.,0.,1.));
#1758=DIRECTION('center_axis',(1.,-1.15134239590757E-16,0.));
#1759=DIRECTION('ref_axis',(1.15134239590757E-16,1.,1.22464679915E-16));
#1760=DIRECTION('',(1.15134239590757E-16,1.,1.22464679915E-16));
#1761=DIRECTION('',(0.,0.,1.));
#1762=DIRECTION('center_axis',(0.,0.,1.));
#1763=DIRECTION('ref_axis',(2.01858731750029E-16,1.,0.));
#1764=DIRECTION('center_axis',(9.18338008663E-49,1.22464679915E-16,-1.));
#1765=DIRECTION('ref_axis',(2.01858731750029E-16,1.,0.));
#1766=DIRECTION('center_axis',(0.,-1.48029736616688E-16,1.));
#1767=DIRECTION('ref_axis',(7.49879891331E-33,1.,1.48029736616688E-16));
#1768=DIRECTION('',(-7.49879891331E-33,-1.,-1.48029736616688E-16));
#1769=DIRECTION('',(-1.,0.,0.));
#1770=DIRECTION('',(7.49879891331E-33,1.,1.48029736616688E-16));
#1771=DIRECTION('',(-1.,0.,0.));
#1772=DIRECTION('center_axis',(0.,1.48029736616688E-16,-1.));
#1773=DIRECTION('ref_axis',(-7.49879891331E-33,-1.,-1.48029736616688E-16));
#1774=DIRECTION('',(-1.,0.,0.));
#1775=DIRECTION('',(-7.49879891331E-33,-1.,-1.22464679915E-16));
#1776=DIRECTION('',(-1.,0.,0.));
#1777=DIRECTION('center_axis',(0.,-1.,0.));
#1778=DIRECTION('ref_axis',(0.,0.,1.));
#1779=DIRECTION('',(0.,0.,-1.));
#1780=DIRECTION('',(0.,0.,1.));
#1781=DIRECTION('center_axis',(0.,-1.,0.));
#1782=DIRECTION('ref_axis',(1.,-1.85652125553338E-31,1.45473230946E-15));
#1783=DIRECTION('center_axis',(0.,1.,-2.86509167645202E-16));
#1784=DIRECTION('ref_axis',(-2.14847463499119E-48,-2.86509167645202E-16,
-1.));
#1785=DIRECTION('center_axis',(0.,1.,-2.86509167645202E-16));
#1786=DIRECTION('ref_axis',(1.,-1.85652125553338E-31,1.45473230946E-15));
#1787=DIRECTION('',(-2.14847463499119E-48,-2.86509167645202E-16,-1.));
#1788=DIRECTION('',(2.14847463499119E-48,2.86509167645202E-16,1.));
#1789=DIRECTION('center_axis',(0.,1.48029736616688E-16,-1.));
#1790=DIRECTION('ref_axis',(-7.49879891331E-33,-1.,-1.48029736616688E-16));
#1791=DIRECTION('',(7.49879891331E-33,1.,1.22464679915E-16));
#1792=DIRECTION('',(-1.,0.,0.));
#1793=DIRECTION('center_axis',(0.,1.,-2.86509167645202E-16));
#1794=DIRECTION('ref_axis',(-2.14847463499119E-48,-2.86509167645202E-16,
-1.));
#1795=DIRECTION('center_axis',(0.,1.,-2.86509167645202E-16));
#1796=DIRECTION('ref_axis',(1.,-1.85652125553338E-31,1.45473230946E-15));
#1797=DIRECTION('',(-2.14847463499119E-48,-2.86509167645202E-16,-1.));
#1798=DIRECTION('',(1.,2.63112258478988E-64,9.18338008663E-49));
#1799=DIRECTION('',(9.72501629612917E-32,-2.86509167645202E-16,-1.));
#1800=DIRECTION('',(2.14847463499119E-48,2.86509167645202E-16,1.));
#1801=DIRECTION('center_axis',(1.,-7.49879891331E-33,0.));
#1802=DIRECTION('ref_axis',(9.18338008665459E-49,1.22464679915E-16,-1.));
#1803=DIRECTION('',(0.,1.,0.));
#1804=DIRECTION('',(0.,-1.,-1.81029996372E-16));
#1805=DIRECTION('center_axis',(1.,-7.49879891331E-33,0.));
#1806=DIRECTION('ref_axis',(9.18338008665459E-49,1.22464679915E-16,-1.));
#1807=DIRECTION('',(0.,-5.80034886335E-16,1.));
#1808=DIRECTION('',(0.,1.,1.90749727721E-16));
#1809=DIRECTION('center_axis',(1.,3.394312431975E-16,0.));
#1810=DIRECTION('ref_axis',(-3.394312431975E-16,1.,1.22464679915E-16));
#1811=DIRECTION('',(3.394312431975E-16,-1.,-1.22464679915E-16));
#1812=DIRECTION('',(0.,0.,-1.));
#1813=DIRECTION('center_axis',(9.18338008663E-49,1.22464679915E-16,-1.));
#1814=DIRECTION('ref_axis',(-1.,7.49879891331E-33,2.45897222344196E-60));
#1815=DIRECTION('',(-1.,0.,0.));
#1816=DIRECTION('center_axis',(9.18338008663E-49,1.22464679915E-16,-1.));
#1817=DIRECTION('ref_axis',(-1.,7.49879891331E-33,2.45897222344196E-60));
#1818=DIRECTION('',(1.,0.,0.));
#1819=DIRECTION('center_axis',(1.,-7.49879891331E-33,0.));
#1820=DIRECTION('ref_axis',(9.18338008665459E-49,1.22464679915E-16,-1.));
#1821=DIRECTION('',(0.,1.,0.));
#1822=DIRECTION('',(0.,-1.,-2.58614280531E-16));
#1823=DIRECTION('',(0.,1.,0.));
#1824=DIRECTION('center_axis',(0.,0.,1.));
#1825=DIRECTION('ref_axis',(-1.12463970284693E-64,1.,0.));
#1826=DIRECTION('center_axis',(-9.18338008663E-49,-1.22464679915E-16,1.));
#1827=DIRECTION('ref_axis',(-1.12463970284693E-64,1.,0.));
#1828=DIRECTION('',(0.,0.,1.));
#1829=DIRECTION('center_axis',(-9.18338008663E-49,-1.22464679915E-16,1.));
#1830=DIRECTION('ref_axis',(-1.12463970284693E-64,1.,1.22464679915E-16));
#1831=DIRECTION('',(0.,0.,1.));
#1832=DIRECTION('center_axis',(0.,-1.,0.));
#1833=DIRECTION('ref_axis',(1.,0.,9.18338008663E-49));
#1834=DIRECTION('',(1.,0.,9.18338008663E-49));
#1835=DIRECTION('',(0.,0.,1.));
#1836=DIRECTION('',(1.,0.,9.18338008663E-49));
#1837=DIRECTION('center_axis',(0.,0.,1.));
#1838=DIRECTION('ref_axis',(1.12463970284693E-64,-1.,0.));
#1839=DIRECTION('center_axis',(-9.18338008663E-49,-1.22464679915E-16,1.));
#1840=DIRECTION('ref_axis',(1.12463970284693E-64,-1.,0.));
#1841=DIRECTION('',(0.,0.,1.));
#1842=DIRECTION('center_axis',(-9.18338008663E-49,-1.22464679915E-16,1.));
#1843=DIRECTION('ref_axis',(1.12463970284693E-64,-1.,-1.22464679915E-16));
#1844=DIRECTION('center_axis',(0.,1.,0.));
#1845=DIRECTION('ref_axis',(-1.,0.,-9.18338008663E-49));
#1846=DIRECTION('',(-1.,0.,-9.18338008663E-49));
#1847=DIRECTION('',(-1.,0.,-9.18338008663E-49));
#1848=DIRECTION('center_axis',(9.18338008663E-49,1.22464679915E-16,-1.));
#1849=DIRECTION('ref_axis',(-1.,0.,-9.18338008663E-49));
#1850=DIRECTION('',(-1.,0.,-9.18338008663E-49));
#1851=DIRECTION('center_axis',(9.18338008663E-49,1.22464679915E-16,-1.));
#1852=DIRECTION('ref_axis',(-1.12463970284693E-64,1.,0.));
#1853=DIRECTION('',(1.,0.,9.18338008663E-49));
#1854=DIRECTION('center_axis',(9.18338008663E-49,1.22464679915E-16,-1.));
#1855=DIRECTION('ref_axis',(1.12463970284693E-64,-1.,0.));
#1856=DIRECTION('center_axis',(0.,0.,1.));
#1857=DIRECTION('ref_axis',(-1.12463970284693E-64,1.,0.));
#1858=DIRECTION('center_axis',(-9.18338008663E-49,-1.22464679915E-16,1.));
#1859=DIRECTION('ref_axis',(-1.12463970284693E-64,1.,0.));
#1860=DIRECTION('',(0.,0.,1.));
#1861=DIRECTION('center_axis',(-9.18338008663E-49,-1.22464679915E-16,1.));
#1862=DIRECTION('ref_axis',(-1.12463970284693E-64,1.,1.22464679915E-16));
#1863=DIRECTION('',(0.,0.,1.));
#1864=DIRECTION('center_axis',(0.,-1.,0.));
#1865=DIRECTION('ref_axis',(1.,0.,9.18338008663E-49));
#1866=DIRECTION('',(1.,0.,9.18338008663E-49));
#1867=DIRECTION('',(0.,0.,1.));
#1868=DIRECTION('',(1.,0.,9.18338008663E-49));
#1869=DIRECTION('center_axis',(0.,0.,1.));
#1870=DIRECTION('ref_axis',(1.12463970284693E-64,-1.,0.));
#1871=DIRECTION('center_axis',(-9.18338008663E-49,-1.22464679915E-16,1.));
#1872=DIRECTION('ref_axis',(1.12463970284693E-64,-1.,0.));
#1873=DIRECTION('',(0.,0.,1.));
#1874=DIRECTION('center_axis',(-9.18338008663E-49,-1.22464679915E-16,1.));
#1875=DIRECTION('ref_axis',(1.12463970284693E-64,-1.,-1.22464679915E-16));
#1876=DIRECTION('center_axis',(0.,1.,0.));
#1877=DIRECTION('ref_axis',(-1.,0.,-9.18338008663E-49));
#1878=DIRECTION('',(-1.,0.,-9.18338008663E-49));
#1879=DIRECTION('',(-1.,0.,-9.18338008663E-49));
#1880=DIRECTION('center_axis',(9.18338008663E-49,1.22464679915E-16,-1.));
#1881=DIRECTION('ref_axis',(-1.,0.,-9.18338008663E-49));
#1882=DIRECTION('',(1.,0.,9.18338008663E-49));
#1883=DIRECTION('center_axis',(9.18338008663E-49,1.22464679915E-16,-1.));
#1884=DIRECTION('ref_axis',(1.12463970284693E-64,-1.,0.));
#1885=DIRECTION('',(-1.,0.,-9.18338008663E-49));
#1886=DIRECTION('center_axis',(9.18338008663E-49,1.22464679915E-16,-1.));
#1887=DIRECTION('ref_axis',(-1.12463970284693E-64,1.,0.));
#1888=DIRECTION('center_axis',(0.,0.,1.));
#1889=DIRECTION('ref_axis',(-1.12463970284693E-64,1.,0.));
#1890=DIRECTION('',(0.,0.,1.));
#1891=DIRECTION('',(0.,0.,1.));
#1892=DIRECTION('center_axis',(0.,-1.,0.));
#1893=DIRECTION('ref_axis',(1.,0.,9.18338008663E-49));
#1894=DIRECTION('',(0.,0.,1.));
#1895=DIRECTION('center_axis',(0.,0.,1.));
#1896=DIRECTION('ref_axis',(1.12463970284693E-64,-1.,0.));
#1897=DIRECTION('',(0.,0.,1.));
#1898=DIRECTION('',(0.,0.,1.));
#1899=DIRECTION('center_axis',(0.,1.,0.));
#1900=DIRECTION('ref_axis',(-1.,0.,-9.18338008663E-49));
#1901=DIRECTION('',(0.,0.,1.));
#1902=DIRECTION('center_axis',(0.,0.,1.));
#1903=DIRECTION('ref_axis',(-1.12463970284693E-64,1.,0.));
#1904=DIRECTION('',(0.,0.,1.));
#1905=DIRECTION('center_axis',(0.,-1.,0.));
#1906=DIRECTION('ref_axis',(1.,0.,9.18338008663E-49));
#1907=DIRECTION('center_axis',(0.,1.,0.));
#1908=DIRECTION('ref_axis',(-1.,0.,-9.18338008663E-49));
#1909=DIRECTION('',(0.,0.,1.));
#1910=DIRECTION('center_axis',(0.,0.,1.));
#1911=DIRECTION('ref_axis',(1.12463970284693E-64,-1.,0.));
#1912=DIRECTION('center_axis',(-9.18338008663E-49,-1.22464679915E-16,1.));
#1913=DIRECTION('ref_axis',(1.,9.18338008663E-49,9.18338008663E-49));
#1914=DIRECTION('center_axis',(-9.18338008663E-49,-1.22464679915E-16,1.));
#1915=DIRECTION('ref_axis',(-1.,0.,-9.18338008663E-49));
#1916=DIRECTION('',(-9.18338008663E-49,-1.22464679915E-16,1.));
#1917=DIRECTION('center_axis',(9.18338008663E-49,1.22464679915E-16,-1.));
#1918=DIRECTION('ref_axis',(1.,-7.49879891331E-33,-2.45897222344196E-60));
#1919=DIRECTION('',(0.,-1.,-1.81029996372E-16));
#1920=DIRECTION('center_axis',(0.,0.,-1.));
#1921=DIRECTION('ref_axis',(1.,0.,0.));
#1922=DIRECTION('center_axis',(0.707106781186548,1.82867911474883E-16,-0.707106781186548));
#1923=DIRECTION('ref_axis',(-1.88981490607009E-28,-1.,-2.58614280530811E-16));
#1924=DIRECTION('center_axis',(-9.18338008663E-49,-1.22464679915E-16,1.));
#1925=DIRECTION('ref_axis',(1.,9.18338008663E-49,9.18338008663E-49));
#1926=DIRECTION('',(-9.18338008663E-49,-1.22464679915E-16,1.));
#1927=DIRECTION('center_axis',(7.49879891331E-33,1.,1.22464679915E-16));
#1928=DIRECTION('ref_axis',(-1.,7.49879891331E-33,0.));
#1929=DIRECTION('',(0.,-5.80034886335E-16,1.));
#1930=DIRECTION('center_axis',(1.,-7.49879891331E-33,0.));
#1931=DIRECTION('ref_axis',(9.18338008665459E-49,1.22464679915E-16,-1.));
#1932=DIRECTION('center_axis',(7.49879891331E-33,1.,1.22464679915E-16));
#1933=DIRECTION('ref_axis',(1.,-1.85652125553338E-31,1.45473230946E-15));
#1934=DIRECTION('',(0.,1.,0.));
#1935=DIRECTION('center_axis',(1.,-7.49879891331E-33,0.));
#1936=DIRECTION('ref_axis',(9.18338008665459E-49,1.22464679915E-16,-1.));
#1937=DIRECTION('',(0.,-1.,-1.81029996372E-16));
#1938=DIRECTION('center_axis',(-0.707106781186548,0.,-0.707106781186548));
#1939=DIRECTION('ref_axis',(0.,-1.,0.));
#1940=DIRECTION('',(0.,-1.,0.));
#1941=DIRECTION('center_axis',(9.18338008663E-49,1.22464679915E-16,-1.));
#1942=DIRECTION('ref_axis',(1.,-7.49879891331E-33,-2.45897222344196E-60));
#1943=DIRECTION('center_axis',(7.49879891331E-33,1.,1.22464679915E-16));
#1944=DIRECTION('ref_axis',(-1.,7.49879891331E-33,0.));
#1945=CARTESIAN_POINT('',(0.,0.,0.));
#1946=CARTESIAN_POINT('Origin',(-171.514209791233,-269.6,-103.65));
#1947=CARTESIAN_POINT('',(-171.514209791233,-267.6,-104.65));
#1948=CARTESIAN_POINT('',(-171.514209791233,-267.6,-103.65));
#1949=CARTESIAN_POINT('',(-171.514209791233,-267.6,-51.825));
#1950=CARTESIAN_POINT('',(-171.514209791233,-269.6,-104.65));
#1951=CARTESIAN_POINT('',(-171.514209791233,-283.6,-104.65));
#1952=CARTESIAN_POINT('',(-171.514209791233,-269.6,-103.65));
#1953=CARTESIAN_POINT('',(-171.514209791233,-269.6,-51.825));
#1954=CARTESIAN_POINT('',(-171.514209791233,-249.975,-103.65));
#1955=CARTESIAN_POINT('Origin',(-5.43662921215E-31,-269.6,-3.73003987242E-14));
#1956=CARTESIAN_POINT('',(-171.500000001,-269.6,-104.65));
#1957=CARTESIAN_POINT('',(-91.0000000005,-269.6,-104.65));
#1958=CARTESIAN_POINT('',(-171.500000001,-269.6,-148.384993995996));
#1959=CARTESIAN_POINT('',(-171.500000001,-269.6,-52.3250000000001));
#1960=CARTESIAN_POINT('',(-162.5,-269.6,-129.65));
#1961=CARTESIAN_POINT('Origin',(-186.5,-269.6,-129.65));
#1962=CARTESIAN_POINT('',(-162.5,-269.6,-108.65));
#1963=CARTESIAN_POINT('',(-162.5,-269.6,-119.15));
#1964=CARTESIAN_POINT('',(-159.5,-269.6,-105.65));
#1965=CARTESIAN_POINT('',(-161.,-269.6,-107.15));
#1966=CARTESIAN_POINT('',(-154.5,-269.6,-105.65));
#1967=CARTESIAN_POINT('',(-155.5,-269.6,-105.65));
#1968=CARTESIAN_POINT('',(-154.5,-269.6,-103.65));
#1969=CARTESIAN_POINT('',(-154.5,-269.6,-128.15));
#1970=CARTESIAN_POINT('',(-73.5427156009678,-269.6,-103.65));
#1971=CARTESIAN_POINT('Origin',(-5.43662921215E-31,-269.6,-3.73003987242E-14));
#1972=CARTESIAN_POINT('',(-201.500000001,-269.6,-148.384993994395));
#1973=CARTESIAN_POINT('',(-201.500000001,-269.6,-103.65));
#1974=CARTESIAN_POINT('',(-201.500000001,-269.6,-53.2497020011834));
#1975=CARTESIAN_POINT('',(-224.5,-269.6,-103.65));
#1976=CARTESIAN_POINT('',(-225.625,-269.6,-103.65));
#1977=CARTESIAN_POINT('',(-224.5,-269.6,-113.));
#1978=CARTESIAN_POINT('',(-224.5,-269.6,-113.));
#1979=CARTESIAN_POINT('',(-213.5,-269.6,-113.));
#1980=CARTESIAN_POINT('',(-219.75,-269.6,-113.));
#1981=CARTESIAN_POINT('',(-210.5,-269.6,-116.));
#1982=CARTESIAN_POINT('',(-212.,-269.6,-114.5));
#1983=CARTESIAN_POINT('',(-210.5,-269.6,-129.65));
#1984=CARTESIAN_POINT('',(-210.5,-269.6,-122.825));
#1985=CARTESIAN_POINT('Origin',(-186.5,-269.6,-129.65));
#1986=CARTESIAN_POINT('Origin',(-219.,-230.35,-103.65));
#1987=CARTESIAN_POINT('',(-148.5,-263.6,-103.65));
#1988=CARTESIAN_POINT('Origin',(-154.5,-263.6,-103.65));
#1989=CARTESIAN_POINT('',(-148.5,-197.1,-103.65));
#1990=CARTESIAN_POINT('',(-148.5,-230.35,-103.65));
#1991=CARTESIAN_POINT('',(-154.5,-191.1,-103.65));
#1992=CARTESIAN_POINT('Origin',(-154.5,-197.1,-103.65));
#1993=CARTESIAN_POINT('',(-224.5,-191.1,-103.65));
#1994=CARTESIAN_POINT('',(-73.5427156009678,-191.1,-103.65));
#1995=CARTESIAN_POINT('',(-230.,-196.6,-103.65));
#1996=CARTESIAN_POINT('Origin',(-224.5,-196.6,-103.65));
#1997=CARTESIAN_POINT('',(-230.,-264.1,-103.65));
#1998=CARTESIAN_POINT('',(-230.,-247.225,-103.65));
#1999=CARTESIAN_POINT('Origin',(-224.5,-264.1,-103.65));
#2000=CARTESIAN_POINT('',(-201.500000001,-267.6,-103.65));
#2001=CARTESIAN_POINT('',(-201.500000001,-249.975,-103.65));
#2002=CARTESIAN_POINT('',(-209.,-267.6,-103.65));
#2003=CARTESIAN_POINT('',(-73.5427156009678,-267.6,-103.65));
#2004=CARTESIAN_POINT('',(-209.,-255.6,-103.65));
#2005=CARTESIAN_POINT('',(-209.,-269.6,-103.65));
#2006=CARTESIAN_POINT('',(-228.527035081497,-255.6,-103.65));
#2007=CARTESIAN_POINT('',(-212.013517540748,-255.6,-103.65));
#2008=CARTESIAN_POINT('',(-228.527035081497,-205.1,-103.65));
#2009=CARTESIAN_POINT('',(-228.527035081497,-242.975,-103.65));
#2010=CARTESIAN_POINT('',(-209.,-205.1,-103.65));
#2011=CARTESIAN_POINT('',(-223.763517540748,-205.1,-103.65));
#2012=CARTESIAN_POINT('',(-209.,-193.1,-103.65));
#2013=CARTESIAN_POINT('',(-209.,-269.6,-103.65));
#2014=CARTESIAN_POINT('',(-164.5,-193.1,-103.65));
#2015=CARTESIAN_POINT('',(-73.5427156009678,-193.1,-103.65));
#2016=CARTESIAN_POINT('',(-164.5,-267.6,-103.65));
#2017=CARTESIAN_POINT('',(-164.5,-233.35,-103.65));
#2018=CARTESIAN_POINT('',(-73.5427156009678,-267.6,-103.65));
#2019=CARTESIAN_POINT('',(-225.,-203.1,-103.65));
#2020=CARTESIAN_POINT('',(-225.,-197.1,-103.65));
#2021=CARTESIAN_POINT('Origin',(-225.,-200.1,-103.65));
#2022=CARTESIAN_POINT('',(-220.,-197.1,-103.65));
#2023=CARTESIAN_POINT('',(-219.5,-197.1,-103.65));
#2024=CARTESIAN_POINT('',(-220.,-203.1,-103.65));
#2025=CARTESIAN_POINT('Origin',(-220.,-200.1,-103.65));
#2026=CARTESIAN_POINT('',(-222.,-203.1,-103.65));
#2027=CARTESIAN_POINT('',(-225.,-257.6,-103.65));
#2028=CARTESIAN_POINT('',(-220.,-257.6,-103.65));
#2029=CARTESIAN_POINT('',(-219.5,-257.6,-103.65));
#2030=CARTESIAN_POINT('',(-220.,-263.6,-103.65));
#2031=CARTESIAN_POINT('Origin',(-220.,-260.6,-103.65));
#2032=CARTESIAN_POINT('',(-225.,-263.6,-103.65));
#2033=CARTESIAN_POINT('',(-222.,-263.6,-103.65));
#2034=CARTESIAN_POINT('Origin',(-225.,-260.6,-103.65));
#2035=CARTESIAN_POINT('',(-157.,-263.6,-103.65));
#2036=CARTESIAN_POINT('Origin',(-154.5,-263.6,-103.65));
#2037=CARTESIAN_POINT('',(-157.,-197.1,-103.65));
#2038=CARTESIAN_POINT('Origin',(-154.5,-197.1,-103.65));
#2039=CARTESIAN_POINT('Origin',(4.49927934799E-32,-191.1,-2.76869213509E-14));
#2040=CARTESIAN_POINT('',(-154.5,-191.1,-105.65));
#2041=CARTESIAN_POINT('',(-154.5,-191.1,-104.15));
#2042=CARTESIAN_POINT('',(-159.5,-191.1,-105.65));
#2043=CARTESIAN_POINT('',(-155.5,-191.1,-105.65));
#2044=CARTESIAN_POINT('',(-162.5,-191.1,-108.65));
#2045=CARTESIAN_POINT('',(-161.,-191.1,-107.15));
#2046=CARTESIAN_POINT('',(-162.5,-191.1,-129.65));
#2047=CARTESIAN_POINT('',(-162.5,-191.1,-119.15));
#2048=CARTESIAN_POINT('',(-210.5,-191.1,-129.65));
#2049=CARTESIAN_POINT('Origin',(-186.5,-191.1,-129.65));
#2050=CARTESIAN_POINT('',(-210.5,-191.1,-116.));
#2051=CARTESIAN_POINT('',(-210.5,-191.1,-122.825));
#2052=CARTESIAN_POINT('',(-213.5,-191.1,-113.));
#2053=CARTESIAN_POINT('',(-212.,-191.1,-114.5));
#2054=CARTESIAN_POINT('',(-224.5,-191.1,-113.));
#2055=CARTESIAN_POINT('',(-216.75,-191.1,-113.));
#2056=CARTESIAN_POINT('',(-224.5,-191.1,-113.));
#2057=CARTESIAN_POINT('Origin',(-154.5,-197.1,-128.15));
#2058=CARTESIAN_POINT('',(-148.5,-197.1,-105.65));
#2059=CARTESIAN_POINT('',(-148.5,-197.1,-128.15));
#2060=CARTESIAN_POINT('Origin',(-154.5,-197.1,-105.65));
#2061=CARTESIAN_POINT('Origin',(-148.5,-191.1,-104.65));
#2062=CARTESIAN_POINT('',(-148.5,-263.6,-105.65));
#2063=CARTESIAN_POINT('',(-148.5,-263.6,-104.15));
#2064=CARTESIAN_POINT('',(-148.5,-230.35,-105.65));
#2065=CARTESIAN_POINT('Origin',(-154.5,-263.6,-128.15));
#2066=CARTESIAN_POINT('Origin',(-154.5,-263.6,-105.65));
#2067=CARTESIAN_POINT('Origin',(-186.500000001,-257.6,-131.719800648084));
#2068=CARTESIAN_POINT('',(-201.500000001,-257.6,-145.743476938499));
#2069=CARTESIAN_POINT('',(-171.500000001,-257.6,-145.743476940363));
#2070=CARTESIAN_POINT('Origin',(-186.5,-257.6,-129.65));
#2071=CARTESIAN_POINT('',(-201.500000001,-257.6,-148.384993994395));
#2072=CARTESIAN_POINT('',(-201.500000001,-257.6,-104.65));
#2073=CARTESIAN_POINT('',(-171.500000001,-257.6,-148.384993995996));
#2074=CARTESIAN_POINT('Origin',(-186.5,-257.6,-129.65));
#2075=CARTESIAN_POINT('',(-171.500000001,-257.6,-158.789601296168));
#2076=CARTESIAN_POINT('Origin',(-171.500000001,-297.6,-104.65));
#2077=CARTESIAN_POINT('',(-171.500000001,-267.6,-145.743476940363));
#2078=CARTESIAN_POINT('',(-171.500000001,-230.35,-145.743476940363));
#2079=CARTESIAN_POINT('',(-171.500000001,-230.35,-148.384993995996));
#2080=CARTESIAN_POINT('',(-171.500000001,-267.6,-104.65));
#2081=CARTESIAN_POINT('',(-171.500000001,-297.6,-104.65));
#2082=CARTESIAN_POINT('',(-171.500000001,-267.6,-52.3250000000001));
#2083=CARTESIAN_POINT('Origin',(-182.000000001,-297.6,-104.65));
#2084=CARTESIAN_POINT('',(-91.0000000005,-267.6,-104.65));
#2085=CARTESIAN_POINT('Origin',(-201.500000001,-297.6,-158.789601296168));
#2086=CARTESIAN_POINT('',(-201.500000001,-230.35,-148.384993994395));
#2087=CARTESIAN_POINT('',(-201.500000001,-267.6,-145.743476938499));
#2088=CARTESIAN_POINT('',(-201.500000001,-230.35,-145.743476938499));
#2089=CARTESIAN_POINT('',(-201.500000001,-267.6,-79.394800648084));
#2090=CARTESIAN_POINT('Origin',(-186.5,-230.35,-129.65));
#2091=CARTESIAN_POINT('',(-164.5,-267.6,-129.65));
#2092=CARTESIAN_POINT('Origin',(-186.5,-267.6,-129.65));
#2093=CARTESIAN_POINT('',(-164.5,-225.6,-129.65));
#2094=CARTESIAN_POINT('',(-164.5,-230.35,-129.65));
#2095=CARTESIAN_POINT('',(-167.447441116742,-225.6,-140.65));
#2096=CARTESIAN_POINT('Origin',(-186.5,-225.6,-129.65));
#2097=CARTESIAN_POINT('',(-167.447441116742,-195.6,-140.65));
#2098=CARTESIAN_POINT('',(-167.447441116742,-230.35,-140.65));
#2099=CARTESIAN_POINT('',(-164.5,-195.6,-129.65));
#2100=CARTESIAN_POINT('Origin',(-186.5,-195.6,-129.65));
#2101=CARTESIAN_POINT('',(-164.5,-193.1,-129.65));
#2102=CARTESIAN_POINT('',(-164.5,-230.35,-129.65));
#2103=CARTESIAN_POINT('',(-208.5,-193.1,-129.65));
#2104=CARTESIAN_POINT('Origin',(-186.5,-193.1,-129.65));
#2105=CARTESIAN_POINT('',(-208.5,-195.6,-129.65));
#2106=CARTESIAN_POINT('',(-208.5,-230.35,-129.65));
#2107=CARTESIAN_POINT('',(-205.552558883258,-195.6,-140.65));
#2108=CARTESIAN_POINT('Origin',(-186.5,-195.6,-129.65));
#2109=CARTESIAN_POINT('',(-205.552558883258,-225.6,-140.65));
#2110=CARTESIAN_POINT('',(-205.552558883258,-230.35,-140.65));
#2111=CARTESIAN_POINT('',(-208.5,-225.6,-129.65));
#2112=CARTESIAN_POINT('Origin',(-186.5,-225.6,-129.65));
#2113=CARTESIAN_POINT('',(-208.5,-267.6,-129.65));
#2114=CARTESIAN_POINT('',(-208.5,-230.35,-129.65));
#2115=CARTESIAN_POINT('Origin',(-186.5,-267.6,-129.65));
#2116=CARTESIAN_POINT('Origin',(-5.28665323388E-31,-267.6,-3.70554693644E-14));
#2117=CARTESIAN_POINT('',(-164.5,-267.6,-116.14));
#2118=CARTESIAN_POINT('Origin',(-228.527035081497,-205.1,-103.65));
#2119=CARTESIAN_POINT('',(-209.,-205.1,-109.65));
#2120=CARTESIAN_POINT('',(-209.,-205.1,-106.825));
#2121=CARTESIAN_POINT('',(-228.527035081497,-205.1,-112.65));
#2122=CARTESIAN_POINT('',(-228.527035081497,-205.1,-103.65));
#2123=CARTESIAN_POINT('',(-210.5,-205.1,-112.65));
#2124=CARTESIAN_POINT('',(-205.027035081497,-205.1,-112.65));
#2125=CARTESIAN_POINT('',(-210.5,-205.1,-109.65));
#2126=CARTESIAN_POINT('',(-210.5,-205.1,-114.4));
#2127=CARTESIAN_POINT('',(-195.513517540748,-205.1,-109.65));
#2128=CARTESIAN_POINT('Origin',(-216.777035081497,-230.35,-112.65));
#2129=CARTESIAN_POINT('',(-210.5,-225.6,-112.65));
#2130=CARTESIAN_POINT('',(-210.5,-220.475,-112.65));
#2131=CARTESIAN_POINT('',(-228.527035081497,-255.6,-112.65));
#2132=CARTESIAN_POINT('',(-228.527035081497,-205.1,-112.65));
#2133=CARTESIAN_POINT('',(-208.5,-255.6,-112.65));
#2134=CARTESIAN_POINT('',(-228.527035081497,-255.6,-112.65));
#2135=CARTESIAN_POINT('',(-208.5,-225.6,-112.65));
#2136=CARTESIAN_POINT('',(-208.5,-213.725,-112.65));
#2137=CARTESIAN_POINT('',(-189.638517540748,-225.6,-112.65));
#2138=CARTESIAN_POINT('Origin',(-228.527035081497,-255.6,-103.65));
#2139=CARTESIAN_POINT('',(-228.527035081497,-255.6,-103.65));
#2140=CARTESIAN_POINT('Origin',(-205.027035081497,-255.6,-103.65));
#2141=CARTESIAN_POINT('',(-209.,-255.6,-110.));
#2142=CARTESIAN_POINT('',(-209.,-255.6,-106.825));
#2143=CARTESIAN_POINT('',(-208.5,-255.6,-110.));
#2144=CARTESIAN_POINT('',(-207.013517540748,-255.6,-110.));
#2145=CARTESIAN_POINT('',(-208.5,-255.6,-103.15));
#2146=CARTESIAN_POINT('Origin',(-162.5,-225.6,-109.65));
#2147=CARTESIAN_POINT('',(-210.5,-195.6,-109.65));
#2148=CARTESIAN_POINT('',(-210.5,-218.1,-109.65));
#2149=CARTESIAN_POINT('',(-209.,-195.6,-109.65));
#2150=CARTESIAN_POINT('',(-162.5,-195.6,-109.65));
#2151=CARTESIAN_POINT('',(-209.,-247.6,-109.65));
#2152=CARTESIAN_POINT('Origin',(-210.5,-210.6,-125.15));
#2153=CARTESIAN_POINT('',(-210.5,-225.6,-116.));
#2154=CARTESIAN_POINT('',(-210.5,-225.6,-132.9));
#2155=CARTESIAN_POINT('',(-210.5,-195.6,-116.));
#2156=CARTESIAN_POINT('',(-210.5,-230.35,-116.));
#2157=CARTESIAN_POINT('',(-210.5,-195.6,-117.4));
#2158=CARTESIAN_POINT('Origin',(-209.,-269.6,-110.));
#2159=CARTESIAN_POINT('',(-209.,-267.6,-110.));
#2160=CARTESIAN_POINT('',(-209.,-267.6,-106.325));
#2161=CARTESIAN_POINT('',(-209.,-230.35,-110.));
#2162=CARTESIAN_POINT('Origin',(-162.5,-225.6,-140.65));
#2163=CARTESIAN_POINT('',(-208.5,-225.6,-121.65));
#2164=CARTESIAN_POINT('',(-207.830729007702,-225.6,-140.65));
#2165=CARTESIAN_POINT('',(-162.5,-225.6,-140.65));
#2166=CARTESIAN_POINT('',(-210.5,-225.6,-129.65));
#2167=CARTESIAN_POINT('Origin',(-186.5,-225.6,-129.65));
#2168=CARTESIAN_POINT('',(-210.5,-225.6,-121.65));
#2169=CARTESIAN_POINT('Origin',(-208.5,-197.1,-102.65));
#2170=CARTESIAN_POINT('',(-208.5,-267.6,-110.));
#2171=CARTESIAN_POINT('',(-208.5,-230.35,-110.));
#2172=CARTESIAN_POINT('',(-208.5,-267.6,-119.815));
#2173=CARTESIAN_POINT('Origin',(-224.5,-196.6,-113.));
#2174=CARTESIAN_POINT('',(-230.,-196.6,-113.));
#2175=CARTESIAN_POINT('Origin',(-224.5,-196.6,-113.));
#2176=CARTESIAN_POINT('',(-230.,-196.6,-113.));
#2177=CARTESIAN_POINT('Origin',(-230.,-264.1,-113.));
#2178=CARTESIAN_POINT('',(-230.,-264.1,-113.));
#2179=CARTESIAN_POINT('',(-230.,-227.6,-113.));
#2180=CARTESIAN_POINT('',(-230.,-264.1,-113.));
#2181=CARTESIAN_POINT('Origin',(-224.5,-264.1,-113.));
#2182=CARTESIAN_POINT('Origin',(-224.5,-264.1,-113.));
#2183=CARTESIAN_POINT('Origin',(-162.5,-225.6,-109.65));
#2184=CARTESIAN_POINT('',(-164.5,-195.6,-109.65));
#2185=CARTESIAN_POINT('',(-164.5,-225.6,-109.65));
#2186=CARTESIAN_POINT('',(-164.5,-211.35,-109.65));
#2187=CARTESIAN_POINT('',(-162.5,-195.6,-109.65));
#2188=CARTESIAN_POINT('',(-162.5,-195.6,-109.65));
#2189=CARTESIAN_POINT('',(-162.5,-225.6,-109.65));
#2190=CARTESIAN_POINT('',(-162.5,-211.35,-109.65));
#2191=CARTESIAN_POINT('',(-162.5,-225.6,-109.65));
#2192=CARTESIAN_POINT('Origin',(-162.5,-195.6,-140.65));
#2193=CARTESIAN_POINT('',(-165.169270992298,-225.6,-140.65));
#2194=CARTESIAN_POINT('',(-162.5,-225.6,-140.65));
#2195=CARTESIAN_POINT('',(-165.169270992298,-195.6,-140.65));
#2196=CARTESIAN_POINT('',(-165.169270992298,-230.35,-140.65));
#2197=CARTESIAN_POINT('',(-162.5,-195.6,-140.65));
#2198=CARTESIAN_POINT('Origin',(-162.5,-225.6,-140.65));
#2199=CARTESIAN_POINT('',(-164.5,-225.6,-121.65));
#2200=CARTESIAN_POINT('',(-162.5,-225.6,-129.65));
#2201=CARTESIAN_POINT('',(-162.5,-225.6,-121.65));
#2202=CARTESIAN_POINT('Origin',(-186.5,-225.6,-129.65));
#2203=CARTESIAN_POINT('Origin',(-162.5,-195.6,-109.65));
#2204=CARTESIAN_POINT('',(-162.5,-195.6,-129.65));
#2205=CARTESIAN_POINT('Origin',(-186.5,-195.6,-129.65));
#2206=CARTESIAN_POINT('',(-162.5,-195.6,-106.15));
#2207=CARTESIAN_POINT('',(-164.5,-195.6,-106.15));
#2208=CARTESIAN_POINT('Origin',(-162.5,-195.6,-140.65));
#2209=CARTESIAN_POINT('',(-207.830729007702,-195.6,-140.65));
#2210=CARTESIAN_POINT('',(-207.830729007702,-230.35,-140.65));
#2211=CARTESIAN_POINT('',(-162.5,-195.6,-140.65));
#2212=CARTESIAN_POINT('Origin',(-162.5,-195.6,-109.65));
#2213=CARTESIAN_POINT('',(-210.5,-195.6,-129.65));
#2214=CARTESIAN_POINT('Origin',(-186.5,-195.6,-129.65));
#2215=CARTESIAN_POINT('',(-208.5,-195.6,-110.));
#2216=CARTESIAN_POINT('',(-208.5,-195.6,-106.15));
#2217=CARTESIAN_POINT('',(-209.,-195.6,-110.));
#2218=CARTESIAN_POINT('',(-185.75,-195.6,-110.));
#2219=CARTESIAN_POINT('',(-209.,-195.6,-109.825));
#2220=CARTESIAN_POINT('',(-210.5,-195.6,-106.15));
#2221=CARTESIAN_POINT('Origin',(-210.5,-197.1,-102.65));
#2222=CARTESIAN_POINT('',(-210.5,-230.35,-129.65));
#2223=CARTESIAN_POINT('',(-210.5,-230.35,-116.));
#2224=CARTESIAN_POINT('Origin',(-208.5,-197.1,-102.65));
#2225=CARTESIAN_POINT('',(-208.5,-193.1,-110.));
#2226=CARTESIAN_POINT('',(-208.5,-193.1,-127.13));
#2227=CARTESIAN_POINT('',(-208.5,-230.35,-110.));
#2228=CARTESIAN_POINT('Origin',(-209.,-269.6,-110.));
#2229=CARTESIAN_POINT('',(-209.,-193.1,-110.));
#2230=CARTESIAN_POINT('',(-209.,-230.35,-110.));
#2231=CARTESIAN_POINT('',(-209.,-193.1,-106.325));
#2232=CARTESIAN_POINT('Origin',(-209.,-191.1,-110.));
#2233=CARTESIAN_POINT('',(-188.75,-193.1,-110.));
#2234=CARTESIAN_POINT('Origin',(-209.,-191.1,-110.));
#2235=CARTESIAN_POINT('',(-208.75,-267.6,-110.));
#2236=CARTESIAN_POINT('Origin',(-162.5,-197.1,-102.65));
#2237=CARTESIAN_POINT('',(-162.5,-230.35,-129.65));
#2238=CARTESIAN_POINT('',(-162.5,-230.35,-108.65));
#2239=CARTESIAN_POINT('',(-162.5,-230.35,-129.65));
#2240=CARTESIAN_POINT('Origin',(-220.,-260.6,-113.));
#2241=CARTESIAN_POINT('',(-220.,-265.1,-113.));
#2242=CARTESIAN_POINT('',(-220.,-256.1,-113.));
#2243=CARTESIAN_POINT('Origin',(-220.,-260.6,-113.));
#2244=CARTESIAN_POINT('',(-220.,-265.1,-110.));
#2245=CARTESIAN_POINT('',(-220.,-265.1,-113.));
#2246=CARTESIAN_POINT('',(-220.,-256.1,-110.));
#2247=CARTESIAN_POINT('Origin',(-220.,-260.6,-110.));
#2248=CARTESIAN_POINT('',(-220.,-256.1,-113.));
#2249=CARTESIAN_POINT('Origin',(-225.,-265.1,-113.));
#2250=CARTESIAN_POINT('',(-225.,-265.1,-113.));
#2251=CARTESIAN_POINT('',(-227.,-265.1,-113.));
#2252=CARTESIAN_POINT('',(-225.,-265.1,-110.));
#2253=CARTESIAN_POINT('',(-225.,-265.1,-113.));
#2254=CARTESIAN_POINT('',(-219.5,-265.1,-110.));
#2255=CARTESIAN_POINT('Origin',(-225.,-260.6,-113.));
#2256=CARTESIAN_POINT('',(-225.,-256.1,-113.));
#2257=CARTESIAN_POINT('Origin',(-225.,-260.6,-113.));
#2258=CARTESIAN_POINT('',(-225.,-256.1,-110.));
#2259=CARTESIAN_POINT('',(-225.,-256.1,-113.));
#2260=CARTESIAN_POINT('Origin',(-225.,-260.6,-110.));
#2261=CARTESIAN_POINT('Origin',(-220.,-256.1,-113.));
#2262=CARTESIAN_POINT('',(-224.5,-256.1,-113.));
#2263=CARTESIAN_POINT('',(-225.,-256.1,-110.));
#2264=CARTESIAN_POINT('Origin',(-222.5,-260.6,-110.));
#2265=CARTESIAN_POINT('',(-220.,-263.6,-110.));
#2266=CARTESIAN_POINT('',(-225.,-263.6,-110.));
#2267=CARTESIAN_POINT('',(-223.75,-263.6,-110.));
#2268=CARTESIAN_POINT('',(-220.,-257.6,-110.));
#2269=CARTESIAN_POINT('Origin',(-220.,-260.6,-110.));
#2270=CARTESIAN_POINT('',(-225.,-257.6,-110.));
#2271=CARTESIAN_POINT('',(-221.25,-257.6,-110.));
#2272=CARTESIAN_POINT('Origin',(-225.,-260.6,-110.));
#2273=CARTESIAN_POINT('Origin',(-220.,-200.1,-113.));
#2274=CARTESIAN_POINT('',(-220.,-204.6,-113.));
#2275=CARTESIAN_POINT('',(-220.,-195.6,-113.));
#2276=CARTESIAN_POINT('Origin',(-220.,-200.1,-113.));
#2277=CARTESIAN_POINT('',(-220.,-204.6,-110.));
#2278=CARTESIAN_POINT('',(-220.,-204.6,-113.));
#2279=CARTESIAN_POINT('',(-220.,-195.6,-110.));
#2280=CARTESIAN_POINT('Origin',(-220.,-200.1,-110.));
#2281=CARTESIAN_POINT('',(-220.,-195.6,-113.));
#2282=CARTESIAN_POINT('Origin',(-225.,-204.6,-113.));
#2283=CARTESIAN_POINT('',(-225.,-204.6,-113.));
#2284=CARTESIAN_POINT('',(-227.,-204.6,-113.));
#2285=CARTESIAN_POINT('',(-225.,-204.6,-110.));
#2286=CARTESIAN_POINT('',(-225.,-204.6,-113.));
#2287=CARTESIAN_POINT('',(-219.5,-204.6,-110.));
#2288=CARTESIAN_POINT('Origin',(-225.,-200.1,-113.));
#2289=CARTESIAN_POINT('',(-225.,-195.6,-113.));
#2290=CARTESIAN_POINT('Origin',(-225.,-200.1,-113.));
#2291=CARTESIAN_POINT('',(-225.,-195.6,-110.));
#2292=CARTESIAN_POINT('',(-225.,-195.6,-113.));
#2293=CARTESIAN_POINT('Origin',(-225.,-200.1,-110.));
#2294=CARTESIAN_POINT('Origin',(-220.,-195.6,-113.));
#2295=CARTESIAN_POINT('',(-224.5,-195.6,-113.));
#2296=CARTESIAN_POINT('',(-225.,-195.6,-110.));
#2297=CARTESIAN_POINT('Origin',(-222.5,-200.1,-110.));
#2298=CARTESIAN_POINT('',(-225.,-197.1,-110.));
#2299=CARTESIAN_POINT('',(-220.,-197.1,-110.));
#2300=CARTESIAN_POINT('',(-221.25,-197.1,-110.));
#2301=CARTESIAN_POINT('',(-225.,-203.1,-110.));
#2302=CARTESIAN_POINT('Origin',(-225.,-200.1,-110.));
#2303=CARTESIAN_POINT('',(-220.,-203.1,-110.));
#2304=CARTESIAN_POINT('',(-223.75,-203.1,-110.));
#2305=CARTESIAN_POINT('Origin',(-220.,-200.1,-110.));
#2306=CARTESIAN_POINT('Origin',(-220.,-260.6,-113.));
#2307=CARTESIAN_POINT('',(-220.,-263.6,-113.));
#2308=CARTESIAN_POINT('',(-220.,-257.6,-113.));
#2309=CARTESIAN_POINT('Origin',(-225.,-263.6,-113.));
#2310=CARTESIAN_POINT('',(-225.,-263.6,-113.));
#2311=CARTESIAN_POINT('Origin',(-225.,-200.1,-113.));
#2312=CARTESIAN_POINT('',(-225.,-197.1,-113.));
#2313=CARTESIAN_POINT('',(-225.,-203.1,-113.));
#2314=CARTESIAN_POINT('Origin',(-220.,-197.1,-113.));
#2315=CARTESIAN_POINT('',(-220.,-197.1,-113.));
#2316=CARTESIAN_POINT('Origin',(-220.,-200.1,-113.));
#2317=CARTESIAN_POINT('',(-220.,-203.1,-113.));
#2318=CARTESIAN_POINT('Origin',(-225.,-203.1,-113.));
#2319=CARTESIAN_POINT('Origin',(-220.,-257.6,-113.));
#2320=CARTESIAN_POINT('',(-225.,-257.6,-113.));
#2321=CARTESIAN_POINT('Origin',(-225.,-260.6,-113.));
#2322=CARTESIAN_POINT('Origin',(-154.5,-263.6,-104.65));
#2323=CARTESIAN_POINT('',(-157.,-263.6,-105.65));
#2324=CARTESIAN_POINT('Origin',(-154.5,-263.6,-105.65));
#2325=CARTESIAN_POINT('',(-157.,-263.6,-104.65));
#2326=CARTESIAN_POINT('Origin',(-164.5,-191.1,-105.65));
#2327=CARTESIAN_POINT('',(-159.5,-230.35,-105.65));
#2328=CARTESIAN_POINT('',(-157.,-197.1,-105.65));
#2329=CARTESIAN_POINT('Origin',(-154.5,-197.1,-105.65));
#2330=CARTESIAN_POINT('Origin',(-159.5,-230.35,-105.65));
#2331=CARTESIAN_POINT('Origin',(-154.5,-197.1,-104.65));
#2332=CARTESIAN_POINT('',(-157.,-197.1,-104.65));
#2333=CARTESIAN_POINT('Origin',(2.99951956532E-32,-193.1,-2.79318507107E-14));
#2334=CARTESIAN_POINT('',(-164.5,-193.1,-127.13));
#2335=CARTESIAN_POINT('Origin',(-164.5,-197.1,-102.65));
#2336=CARTESIAN_POINT('Origin',(-186.5,-230.35,-129.65));
#2337=CARTESIAN_POINT('',(-210.5,-230.35,-129.65));
#2338=CARTESIAN_POINT('Origin',(-210.5,-197.1,-102.65));
#2339=CARTESIAN_POINT('',(-210.5,-230.35,-116.));
#2340=CARTESIAN_POINT('Origin',(-210.5,-230.35,-116.));
#2341=CARTESIAN_POINT('',(-213.5,-230.35,-113.));
#2342=CARTESIAN_POINT('Origin',(-229.,-191.1,-113.));
#2343=CARTESIAN_POINT('Origin',(-5.28665323388E-31,-267.6,-3.70554693644E-14));
#2344=UNCERTAINTY_MEASURE_WITH_UNIT(LENGTH_MEASURE(0.01),#2348,
'DISTANCE_ACCURACY_VALUE',
'Maximum model space distance between geometric entities at asserted c
onnectivities');
#2345=UNCERTAINTY_MEASURE_WITH_UNIT(LENGTH_MEASURE(0.01),#2348,
'DISTANCE_ACCURACY_VALUE',
'Maximum model space distance between geometric entities at asserted c
onnectivities');
#2346=(
GEOMETRIC_REPRESENTATION_CONTEXT(3)
GLOBAL_UNCERTAINTY_ASSIGNED_CONTEXT((#2344))
GLOBAL_UNIT_ASSIGNED_CONTEXT((#2348,#2350,#2351))
REPRESENTATION_CONTEXT('','3D')
);
#2347=(
GEOMETRIC_REPRESENTATION_CONTEXT(3)
GLOBAL_UNCERTAINTY_ASSIGNED_CONTEXT((#2345))
GLOBAL_UNIT_ASSIGNED_CONTEXT((#2348,#2350,#2351))
REPRESENTATION_CONTEXT('','3D')
);
#2348=(
LENGTH_UNIT()
NAMED_UNIT(*)
SI_UNIT(.MILLI.,.METRE.)
);
#2349=(
LENGTH_UNIT()
NAMED_UNIT(*)
SI_UNIT(.CENTI.,.METRE.)
);
#2350=(
NAMED_UNIT(*)
PLANE_ANGLE_UNIT()
SI_UNIT($,.RADIAN.)
);
#2351=(
NAMED_UNIT(*)
SI_UNIT($,.STERADIAN.)
SOLID_ANGLE_UNIT()
);
#2352=SHAPE_DEFINITION_REPRESENTATION(#2353,#2354);
#2353=PRODUCT_DEFINITION_SHAPE('',$,#2356);
#2354=SHAPE_REPRESENTATION('',(#1454),#2346);
#2355=PRODUCT_DEFINITION_CONTEXT('part definition',#2360,'design');
#2356=PRODUCT_DEFINITION('Motor_Cover_LH_V3','Motor_Cover_LH_V3',#2357,
#2355);
#2357=PRODUCT_DEFINITION_FORMATION('',$,#2362);
#2358=PRODUCT_RELATED_PRODUCT_CATEGORY('Motor_Cover_LH_V3',
'Motor_Cover_LH_V3',(#2362));
#2359=APPLICATION_PROTOCOL_DEFINITION('international standard',
'automotive_design',2009,#2360);
#2360=APPLICATION_CONTEXT(
'Core Data for Automotive Mechanical Design Process');
#2361=PRODUCT_CONTEXT('part definition',#2360,'mechanical');
#2362=PRODUCT('Motor_Cover_LH_V3','Motor_Cover_LH_V3',$,(#2361));
#2363=PRESENTATION_STYLE_ASSIGNMENT((#2365));
#2364=PRESENTATION_STYLE_ASSIGNMENT((#2366));
#2365=SURFACE_STYLE_USAGE(.BOTH.,#2371);
#2366=SURFACE_STYLE_USAGE(.BOTH.,#2372);
#2367=SURFACE_STYLE_RENDERING_WITH_PROPERTIES($,#2379,(#2369));
#2368=SURFACE_STYLE_RENDERING_WITH_PROPERTIES($,#2380,(#2370));
#2369=SURFACE_STYLE_TRANSPARENT(0.);
#2370=SURFACE_STYLE_TRANSPARENT(0.);
#2371=SURFACE_SIDE_STYLE('',(#2373,#2367));
#2372=SURFACE_SIDE_STYLE('',(#2374,#2368));
#2373=SURFACE_STYLE_FILL_AREA(#2375);
#2374=SURFACE_STYLE_FILL_AREA(#2376);
#2375=FILL_AREA_STYLE('',(#2377));
#2376=FILL_AREA_STYLE('',(#2378));
#2377=FILL_AREA_STYLE_COLOUR('',#2379);
#2378=FILL_AREA_STYLE_COLOUR('',#2380);
#2379=COLOUR_RGB('',0.749019607843137,0.749019607843137,0.749019607843137);
#2380=COLOUR_RGB('',1.,0.501960784313725,0.501960784313725);
ENDSEC;
END-ISO-10303-21;
